placeId,name,address,lat,lng,fetchedAt
"ChIJ7XrgOCtjUTURtVSCnViyzGQ","お好み焼きよこた","〒764-0005 香川県仲多度郡多度津町大通り４−２２",34.2725423,133.7492293,2025-12-12T12:22:54.284Z
"ChIJQZHKRTnaUzUROHEVhm66N60","まえばうどん","〒761-2406 香川県丸亀市綾歌町栗熊東４２０−２",34.2356377,133.8825009,2025-12-12T12:22:54.284Z
"ChIJD2C4U9N8UTURm1HJnBfCafs","お好み焼 わかやま","〒764-0016 香川県仲多度郡多度津町東浜４−１４",34.272388,133.747372,2025-12-12T12:22:54.284Z
"ChIJfc8xK7NjUTURKjvhSAw-zDI","マヨたこ 多度津店","〒764-0022 香川県仲多度郡多度津町北鴨３丁目２",34.2776357,133.7626825,2025-12-12T12:22:54.284Z
"ChIJqadZcDt9UTUR8kV3LkoYDU0","台湾料理 趙記","〒764-0015 香川県仲多度郡多度津町西浜１２−７",34.2719296,133.7456609,2025-12-12T12:22:54.284Z
"ChIJdT6kzMxiUTURXr8ObGZXzEU","お好み焼＆もんじゃ焼 おかげさん","〒764-0026 香川県仲多度郡多度津町南鴨６６８−６",34.2646057,133.7654038,2025-12-12T12:22:54.284Z
"ChIJ32EIbt5jUTURHfIxIl6EBso","多度津 ごはん MARU","〒764-0011 香川県仲多度郡多度津町栄町１丁目５−３７",34.2742978,133.7552451,2025-12-12T12:22:54.284Z
"ChIJR_WMp9liUTUR_7ZXpZca-D4","浜海道 多度津本店","〒764-0021 香川県仲多度郡多度津町堀江３丁目６−６",34.2801437,133.7556152,2025-12-12T12:22:54.284Z
"ChIJU3Td-JKOAGARRbRCTSVr794","手打ちうどん＆居酒屋 多度津","〒651-0071 兵庫県神戸市中央区筒井町３丁目４−９",34.7014022,135.207819,2025-12-12T12:22:54.284Z
"ChIJbWuRzlB9UTURgaGBjQeBE_o","新食堂","〒764-0023 香川県仲多度郡多度津町若葉町１２−３",34.2723343,133.7628273,2025-12-12T12:22:54.284Z
"ChIJ5TAOMpxjUTURrdaZKE6AiVk","愛梨香","〒764-0025 香川県仲多度郡多度津町寿町３−８",34.269893,133.7570882,2025-12-12T12:22:54.284Z
"ChIJO3Yt5dR8UTURuPRj-xX6ELI","古民家食堂 てつや","〒764-0014 香川県仲多度郡多度津町本通１丁目３−１６",34.2698792,133.7496522,2025-12-12T12:22:54.284Z
"ChIJSbotKy1jUTURB5EBtyfUuI0","海食処 笑門家","〒764-0016 香川県仲多度郡多度津町東浜７−１１",34.2735763,133.7452061,2025-12-12T12:22:54.284Z
"ChIJ46SUuSd9UTUROAM0VFQ4pBA","(株)ことひら街道 【しあわせ製麺】","〒764-0031 香川県仲多度郡多度津町庄９３２",34.2584465,133.754386,2025-12-12T12:22:54.284Z
"ChIJE-ylfcZiUTURjfxxWybUJ4U","まるいち 多度津店","〒764-0022 香川県仲多度郡多度津町北鴨２丁目１０−１",34.274322,133.7691664,2025-12-12T12:22:54.284Z
"ChIJq6qODs58UTURNGxYDD4Qojk","中華そば 富家","〒764-0038 香川県仲多度郡多度津町東白方１０−２３",34.2700168,133.7421457,2025-12-12T12:22:54.284Z
"ChIJmVLADc98UTURl71p349V4Ec","うどん 山よし","〒764-0017 香川県仲多度郡多度津町西港町６９",34.268185,133.740075,2025-12-12T12:22:54.284Z
"ChIJO6-GwlJ9UTUR--kfAL5eH_I","そらとたべるthreee","〒764-0033 香川県仲多度郡多度津町青木８０１−１２",34.2585446,133.7439946,2025-12-12T12:22:54.284Z
"ChIJVVVO7SxjUTUR5f8h-x8G04A","セルフ釜あげうどん 岡じま 多度津店","〒764-0018 香川県仲多度郡多度津町東港町１０６２",34.2746024,133.7465493,2025-12-12T12:22:54.284Z
"ChIJV9eQ0SxjUTURfOQzV_1hUSE","こがね製麺所 多度津店","〒764-0016 香川県仲多度郡多度津町東浜８−２４",34.2734971,133.7459522,2025-12-12T12:22:54.284Z
"ChIJ35NKZJB9UTURM7kNthSWShI","小見立","〒764-0036 香川県仲多度郡多度津町見立１６０９",34.2463812,133.7147456,2025-12-12T12:22:54.284Z
"ChIJDQKVrsnYUzURHEvI4GQSffY","吉野家 浜街道宇多津店","〒769-0202 香川県綾歌郡宇多津町浜二番丁２０−１７",34.3094371,133.8120477,2025-12-12T12:22:54.284Z
"ChIJ9wezeTLfUzURD1Nrbfml0PA","(株)めりけんや","〒769-0203 香川県綾歌郡宇多津町浜三番丁３６−２",34.315298,133.8196194,2025-12-12T12:22:54.284Z
"ChIJQwzpSsjYUzURuYqgyXAepcU","いたずらたまご","〒769-0202 香川県綾歌郡宇多津町浜二番丁２０−１",34.3092819,133.8112364,2025-12-12T12:22:54.284Z
"ChIJJ79sFtLYUzURbzDU1Rjmc8E","宇夫階神社","〒769-0210 香川県綾歌郡宇多津町１６４４",34.3081525,133.8207086,2025-12-12T12:22:54.284Z
"ChIJIwh_4MfYUzURrZlasHH8IcA","寿司処ここも 宇多津浜街道店","〒769-0205 香川県綾歌郡宇多津町浜五番丁５９−８",34.3070042,133.8112097,2025-12-12T12:22:54.284Z
"ChIJexzCHcjYUzURk38hBgM__e4","海鮮食堂 おくどさん イオンタウン宇多津店","〒769-0202 香川県綾歌郡宇多津町浜二番丁１６",34.308027,133.810932,2025-12-12T12:22:54.284Z
"ChIJRwWzPNLYUzUR0RhZk-scx6M","手打ちうどん うぶしな","〒769-0210 香川県綾歌郡宇多津町１５９７１",34.3078533,133.8210489,2025-12-12T12:22:54.284Z
"ChIJFS-WDM7YUzUROIyzdq8-260","焼鳥 弁天","〒769-0208 香川県綾歌郡宇多津町浜八番丁１２０−８",34.3080049,133.818497,2025-12-12T12:22:54.284Z
"ChIJCdJi_cjYUzURZymSwDQZDfA","吾割食堂 宇多津店","〒769-0205 香川県綾歌郡宇多津町浜五番丁５１−４",34.3085826,133.8128821,2025-12-12T12:22:54.284Z
"ChIJW4uCm8vYUzUR5Q_icLDpamU","天吉うどん 宇多津店","〒769-0203 香川県綾歌郡宇多津町浜三番丁２１−９",34.3122835,133.8139355,2025-12-12T12:22:54.284Z
"ChIJ2ax-uB_ZUzURjDVbDxFS58A","麺処 たでや","〒769-0202 香川県綾歌郡宇多津町浜二番丁１６",34.3081021,133.8109794,2025-12-12T12:22:54.284Z
"ChIJQxSNPNDeUzURnvR_sfJWePY","まんぷく亭","〒769-0210 香川県綾歌郡宇多津町茶臼山2936–5",34.313484,133.837248,2025-12-12T12:22:54.284Z
"ChIJ824iYHrfUzURrfLX8ILSv1I","うどん亭やま 宇多津店","〒769-0203 香川県綾歌郡宇多津町浜三番丁３４−１",34.3151381,133.8181406,2025-12-12T12:22:54.284Z
"ChIJj9-MbWPZUzURmJhhobMvPcE","赤瀬うどん","〒763-0084 香川県丸亀市飯野町東二１８０３−３",34.281404,133.822897,2025-12-12T12:22:54.284Z
"ChIJhQRbhz_ZUzUR2_TWwaXZRjA","青春のおそばやさん","〒769-0206 香川県綾歌郡宇多津町浜六番丁89−２",34.3069468,133.8174279,2025-12-12T12:22:54.284Z
"ChIJ9RMd-yrZUzURHuXhqTvEpjw","お食事処 つるぎ","〒769-0200 香川県綾歌郡宇多津町中村９５９−５",34.3082092,133.8316203,2025-12-12T12:22:54.284Z
"ChIJX7wtaSXfUzURqG1g22okFeQ","エコランド鵜足津","７１８, 2628 平山 宇多津町 綾歌郡 香川県 769-0210",34.3214425,133.8210199,2025-12-12T12:22:54.284Z
"ChIJbYNY5i3fUzURSJ9mDmzYEy8","さぬきうどんの亀城庵 宇多津本社売店","〒769-0203 香川県綾歌郡宇多津町浜三番丁３７−４",34.316216,133.820675,2025-12-12T12:22:54.284Z
"ChIJJXtR_xGdUzUR1UUHtRMNrx8","カフェ 第二楽章","〒769-2605 香川県東かがわ市中筋２２４−４",34.2451422,134.3271436,2025-12-12T12:22:54.284Z
"ChIJ4-YD9sybUzURNw4sZqwPHlg","囲炉裏 さぬき路","〒769-2401 香川県さぬき市津田町津田１３７８−１",34.2935551,134.2506144,2025-12-12T12:22:54.284Z
"ChIJAbBN52WcUzURdFaNqIbWlHc","ステーキレストラン オリエンタル","〒769-2601 香川県東かがわ市三本松６８０−１２６",34.250454,134.337542,2025-12-12T12:22:54.284Z
"ChIJkeclvKmdUzURLLR5lHeoo_k","五味鳥","〒769-2702 香川県東かがわ市松原６７２−５",34.24325,134.367578,2025-12-12T12:22:54.284Z
"ChIJq6qjlWWcUzURp2JfXCciQ_o","いろは","〒769-2601 香川県東かがわ市三本松６８０−１１",34.2509273,134.3364869,2025-12-12T12:22:54.284Z
"ChIJJx9SgGacUzURxDWRUKjiU-w","ひかり","〒769-2601 香川県東かがわ市三本松６８０−８３",34.25154,134.337967,2025-12-12T12:22:54.284Z
"ChIJuflfcgGbUzURPWFsGJPWD-k","らぁ麺Labo 七施","〒769-2402 香川県さぬき市津田町鶴羽２１４０−１",34.2791715,134.2791285,2025-12-12T12:22:54.284Z
"ChIJAcWMZhydUzURZ8HfdrLUf5M","ベリーレレ","〒769-2603 香川県東かがわ市横内２２２−３",34.259648,134.3297352,2025-12-12T12:22:54.284Z
"ChIJk17_y2WcUzURpToeGn5fDJc","味道源","〒769-2601 香川県東かがわ市三本松６８０−６９",34.2515708,134.3369621,2025-12-12T12:22:54.284Z
"ChIJ1_5FgfedUzURAfdPLVZGLcg","Sanu","〒769-2601 香川県東かがわ市三本松１１７６−１",34.2510352,134.3340199,2025-12-12T12:22:54.284Z
"ChIJ2TBwEQCdUzUR_XYHO4iMpOw","食堂おおや","〒769-2601 香川県東かがわ市三本松１１７６−１",34.2512029,134.3336937,2025-12-12T12:22:54.284Z
"ChIJU5Vmfm-cUzURC9DAM_cFD28","お好み焼き ペペ","〒769-2601 香川県東かがわ市三本松１２６６−２",34.2500807,134.3357439,2025-12-12T12:22:54.284Z
"ChIJX-jtfGacUzURcqlrsrxxayY","入舟","〒769-2601 香川県東かがわ市三本松６８０−１０９",34.2510152,134.3383502,2025-12-12T12:22:54.284Z
"ChIJv8yjd2acUzURKCzNVf7j6rY","ポルティヴィア パッソ","〒769-2601 香川県東かがわ市三本松６８０−１９",34.2513357,134.3367397,2025-12-12T12:22:54.284Z
"ChIJn0dy4mCcUzURDwDHQyku180","えびす屋","〒769-2601 香川県東かがわ市三本松２２６８−３２",34.2545053,134.3404725,2025-12-12T12:22:54.284Z
"ChIJQ40n2lmcUzURg7iEXs4oIMo","母の屋","〒769-2701 香川県東かがわ市湊２７５",34.2489562,134.3517464,2025-12-12T12:22:54.284Z
"ChIJD8QG3QKdUzURSKjsHPsZtoQ","魚源(うおげん）","〒769-2601 香川県東かがわ市三本松１１７６−１",34.2513799,134.3336875,2025-12-12T12:22:54.284Z
"ChIJJxDgTyt2UzURE904ol6UdHE","Cafe 醤（ひしお）","〒769-2901 香川県東かがわ市引田２１６３",34.2277479,134.4032296,2025-12-12T12:22:54.284Z
"ChIJg9GGoYWdUzURmgMuNRyO5YM","福味","〒769-2601 香川県東かがわ市三本松１８９６−１",34.2481614,134.3418549,2025-12-12T12:22:54.284Z
"ChIJg0USg_2bUzURB1BN2AEebRY","LA FRESCA","〒769-2606 香川県東かがわ市水主４３６−１",34.2324728,134.3166151,2025-12-12T12:22:54.284Z
"ChIJJRt_e2-cUzURhGqhg5OuaB4","さぬき三本松 吾割安","〒769-2601 香川県東かがわ市三本松１５１２",34.2497288,134.3359561,2025-12-12T12:22:54.284Z
"ChIJXyWkcoqbUzURHDpHXrwfZIU","ジョイフル 東かがわ大内店","〒769-2521 香川県東かがわ市西村１５２０−１",34.2502349,134.3231013,2025-12-12T12:22:54.284Z
"ChIJHXWd0VGcUzURZ0dZUit04hM","三原茶屋","〒769-2705 香川県東かがわ市白鳥２７０−３",34.2422672,134.3552197,2025-12-12T12:22:54.284Z
"ChIJOYji0y92UzUR-dVkQZ_PXRE","ばいこう堂 本店","〒769-2901 香川県東かがわ市引田１４０−４",34.2223326,134.4084028,2025-12-12T12:22:54.284Z
"ChIJiaCE2XydUzUR2BVdExSXU_I","ワーサン亭","〒769-2901 香川県東かがわ市引田４３７３",34.2390321,134.3958474,2025-12-12T12:22:54.284Z
"ChIJdR8ZgWacUzURXRHZMzWbTpI","池田","〒769-2601 香川県東かがわ市三本松６８０−８４",34.251535,134.338058,2025-12-12T12:22:54.284Z
"ChIJId4rgGacUzURZjlKkVUWUN8","きたさん","〒769-2601 香川県東かがわ市三本松６８０−８２",34.2515793,134.3378584,2025-12-12T12:22:54.284Z
"ChIJVVVZ_KqdUzURYNt4LSz2OHE","わんはかせ","〒769-2701 香川県東かがわ市湊１９９７−７",34.2445024,134.3634263,2025-12-12T12:22:54.284Z
"ChIJFwQ2ZqudUzURD42q_9IHqvA","天ぷら ばぁばん家","〒769-2705 香川県東かがわ市白鳥２２５５",34.2287325,134.3432219,2025-12-12T12:22:54.284Z
"ChIJgQY2j6GdUzUR3Y7v74myqCQ","めん六や東かがわ店","〒769-2602 香川県東かがわ市川東８８１",34.2390576,134.3302341,2025-12-12T12:22:54.284Z
"ChIJI7jJE9-bUzUR7fU8xgk7aTk","うましの","〒769-2520 香川県東かがわ市馬篠１２００",34.274646,134.2977138,2025-12-12T12:22:54.284Z
"ChIJ3e950A2dUzURHOElAmnYf9Y","丸木製麺所","〒769-2702 香川県東かがわ市松原１３１８−２",34.248042,134.376155,2025-12-12T12:22:54.284Z
"ChIJgaRsZ6udUzUR9aG_BCD3-mE","一粒","〒769-2704 香川県東かがわ市帰来５３０−１",34.2428554,134.3627062,2025-12-12T12:22:54.284Z
"ChIJQ-C2s9R3UzURIpx5UVLKkSs","かめびし屋","〒769-2901 香川県東かがわ市引田２１７４",34.2285771,134.4032731,2025-12-12T12:22:54.284Z
"ChIJV-lpEYqbUzUR0N9jLPN_Mvk","うどん亭 よだ","〒769-2604 香川県東かがわ市西村１６−１",34.25079,134.322849,2025-12-12T12:22:54.284Z
"ChIJOQvfOeedUzURQjVzyDkzwmE","手打ちうどん もとい","〒769-2701 香川県東かがわ市湊１７８１−４",34.2444244,134.3548083,2025-12-12T12:22:54.284Z
"ChIJA1DYDix5UTURCPVOuC8y5VE","おむすび座","〒769-1501 香川県三豊市豊中町比地大１６８０−４",34.1655527,133.6984222,2025-12-12T12:22:54.284Z
"ChIJTVayLsV-UTUR5tPKdXdmprc","和DINING 讃岐亭","〒767-0001 香川県三豊市高瀬町上高瀬１５８９−３",34.1833803,133.7259309,2025-12-12T12:22:54.284Z
"ChIJ069uzfl_UTURrTR1ogrOBxw","そば処 財匠","〒769-0401 香川県三豊市財田町財田上１５５７",34.1153557,133.7820421,2025-12-12T12:22:54.284Z
"ChIJAQRjBgnVUzURsULLLhSI8Us","瀬戸内讃岐工房㈱ 財田支社","〒769-0401 香川県三豊市財田町財田上６３７３−１",34.1313519,133.8171452,2025-12-12T12:22:54.284Z
"ChIJ8asFLf8gAWAR-8sOl330aOg","手打ちうどん三豊（さんぽう）","〒579-8037 大阪府東大阪市新町２３−２３ 手打ちうどん三豊",34.6720765,135.6339606,2025-12-12T12:22:54.284Z
"ChIJvdiPudliUTURLGQ1NgD-WvM","ひろ濱うどん","〒764-0021 香川県仲多度郡多度津町堀江２丁目６−３４",34.2796407,133.7553171,2025-12-12T12:22:54.284Z
"ChIJY0hs67B5UTURlVzYKDUyl1k","Italiano giorno felice","〒767-0004 香川県三豊市高瀬町比地１７２８−１",34.1835394,133.6898206,2025-12-12T12:22:54.284Z
"ChIJAQjNeJt5UTURuTjNIodLwuE","とくしげ","〒769-1101 香川県三豊市詫間町詫間２１０２−１０",34.22344,133.670778,2025-12-12T12:22:54.284Z
"ChIJnZEoGa9-UTUROrMHBkyMpWQ","みどり食堂","〒767-0031 香川県三豊市三野町大見５２３−２",34.2061913,133.7217883,2025-12-12T12:22:54.284Z
"ChIJixK8VouBUTURKwzCcbtuIZQ","十割蕎麦 まちだ","〒768-0102 香川県三豊市山本町大野２８５５−４",34.1226848,133.71875,2025-12-12T12:22:54.284Z
"ChIJfxN6M7fXUzURhAqzyMA1CG4","さぬきうどん 山よし 佐文店","〒769-0301 香川県仲多度郡まんのう町佐文８０２−１",34.1722526,133.8123769,2025-12-12T12:22:54.284Z
"ChIJ7W2IBKfrUzUR6bHDaZD78rY","ito","〒760-0050 香川県高松市亀井町３−３ 谷原不動産ビル",34.3414055,134.048822,2025-12-12T12:22:54.284Z
"ChIJzfEyhjx4UTURO4eGntn3bMo","うどん えびすや","〒769-1407 香川県三豊市仁尾町仁尾丁８３−３",34.1939821,133.6494068,2025-12-12T12:22:54.284Z
"ChIJdQ2vLsV-UTUR37cHLDrE-j0","安藤製麺所","〒767-0001 香川県三豊市高瀬町上高瀬１５８９−３",34.183413,133.7260124,2025-12-12T12:22:54.284Z
"ChIJR-PJ7XXrUzURMDS2W9SuedI","わっはっは","〒760-0029 香川県高松市丸亀町１１−３",34.343362,134.0501823,2025-12-12T12:22:54.284Z
"ChIJqy6wN5rrUzUR73-Ag4C0Aus","おでん ゆう","〒760-0052 香川県高松市瓦町２丁目１０−８",34.340041,134.050379,2025-12-12T12:22:54.284Z
"ChIJ0_a42tzrUzURvQGU2BaQm1M","麺酒場 杯","〒760-0017 香川県高松市番町１丁目９−１ 2階",34.343288,134.0454568,2025-12-12T12:22:54.284Z
"ChIJVVWQLtd-UTURfOQM2rokZ64","手打ちうどん 三谷","〒767-0011 香川県三豊市高瀬町下勝間２７３４",34.1800316,133.7218368,2025-12-12T12:22:54.284Z
"ChIJJ64s5pGDUTUR3LEgEy8ISk0","UDON HOUSE","〒769-1507 香川県三豊市豊中町岡本１６５１−３",34.1457586,133.6874787,2025-12-12T12:22:54.284Z
"ChIJzyX5LW6CUTUR-gXqfzrhu3g","福井生麺所","〒769-1507 香川県三豊市豊中町岡本１６６０−３",34.145153,133.688187,2025-12-12T12:22:54.284Z
"ChIJaVCkL1x-UTUR-Py6VzeECSA","手打ちうどん おかむら","〒767-0013 香川県三豊市高瀬町下麻９０４−３",34.1751541,133.7578442,2025-12-12T12:22:54.284Z
"ChIJy0WO3S94UTURYHIl0RP3nW4","中華そばうどん 長兵衛","〒769-1407 香川県三豊市仁尾町仁尾丁丁８６１−１",34.2014849,133.6467444,2025-12-12T12:22:54.284Z
"ChIJu-t801PVUzURaCStw6npNOw","うどん茶屋さいた（道の駅 たからだの里さいた）","〒769-0401 香川県三豊市財田町財田上１８０−６",34.1100954,133.7978322,2025-12-12T12:22:54.284Z
"ChIJTxpAQMWBUTUR-AtPD7o4fPM","手打ちうどん かな山","〒768-0103 香川県三豊市山本町財田西１１９０−１",34.1208171,133.7418659,2025-12-12T12:22:54.284Z
"ChIJ4wCm1ljVUzURjApDXf1_NH8","うどん屋 のぼり釜","〒769-0401 香川県三豊市財田町財田上７２３９−１３ さぬき岡本焼・ギャラリーとよなか",34.1173465,133.8137954,2025-12-12T12:22:54.284Z
"ChIJA9nL52F5UTURtE2UeKTLtYU","武蔵 詫間店","〒769-1102 香川県三豊市詫間町松崎１７７２−５５",34.2249447,133.6913539,2025-12-12T12:22:54.284Z
"ChIJXcvZpnB5UTUR0S_r13sg0RE","こがね製麺所 詫間店","〒769-1101 香川県三豊市詫間町詫間６１４−７",34.2206376,133.6815573,2025-12-12T12:22:54.284Z
"ChIJvzouLIPdUzURzNW5_c5Vdso","さぬき麺匠 はま弥","〒762-0017 香川県坂出市高屋町１４９３−３",34.3383003,133.9027005,2025-12-12T12:22:54.284Z
"ChIJ1VNbS_zcUzURS15oCN_XVQM","こだわり麺や 坂出鴨川店","〒762-0023 香川県坂出市加茂町５３０",34.304785,133.911743,2025-12-12T12:22:54.284Z
"ChIJEdB3reLcUzURcmd1pdrRGrQ","讃岐商事 がもううどん土産販売所","〒762-0023 香川県坂出市加茂町７５４−６",34.3049903,133.9151883,2025-12-12T12:22:54.284Z
"ChIJAYvC14fnUzURACjU3pt18jQ","手打うどん 町川","〒762-0016 香川県坂出市青海町８７０−１",34.343294,133.9150132,2025-12-12T12:22:54.284Z
"ChIJnwG67UPZUzURBPvqySUeXbA","まいどまいど","〒762-0025 香川県坂出市川津町４５−５",34.282729,133.854056,2025-12-12T12:22:54.284Z
"ChIJYxKwPM_YUzURezUstswemgs","讃岐の味 塩がま屋","〒769-0206 香川県綾歌郡宇多津町浜六番丁８６−２",34.3066897,133.8156834,2025-12-12T12:22:54.284Z
"ChIJLzacKJTeUzURj9NlhDAfEu8","食事処 こめや","〒762-0045 香川県坂出市元町３丁目４−２２",34.3183094,133.8528297,2025-12-12T12:22:54.284Z
"ChIJFVGfqT3ZUzUROqNUl_m_M28","さぬきうどん むぎ","〒769-0210 香川県綾歌郡宇多津町１９８−７",34.2971335,133.8345144,2025-12-12T12:22:54.284Z
"ChIJ48LGaEnZUzUR4MFkD3MjQC8","こだわり麺や 坂出川津店","〒762-0025 香川県坂出市川津町３２３４−６",34.292968,133.8515184,2025-12-12T12:22:54.284Z
"ChIJaUvVYV_ZUzUR19DNgHznXEQ","手打ちうどん かまや","〒762-0025 香川県坂出市川津町３５３７−１",34.2993905,133.8466931,2025-12-12T12:22:54.284Z
"ChIJlcHfppbdUzURGgQMXsUuegI","こだわり麺や 坂出林田店","〒762-0012 香川県坂出市林田町１５８３−１",34.3279987,133.8790767,2025-12-12T12:22:54.284Z
"ChIJ-_Rin5feUzURmW93SRPMtvo","お食事処 鹿野","〒762-0001 香川県坂出市京町２丁目１−８",34.3159423,133.8563909,2025-12-12T12:22:54.284Z
"ChIJJ9Oe9ZveUzURndh-yp-NfSY","室町うどん","〒762-0007 香川県坂出市室町２丁目７−１５",34.3167819,133.8622643,2025-12-12T12:22:54.284Z
"ChIJu1LNES7fUzURL1BdWbXCwVk","めりけんや かけはし店","〒769-0203 香川県綾歌郡宇多津町浜三番丁３６−１",34.317106,133.8202638,2025-12-12T12:22:54.284Z
"ChIJ4f910ZreUzURBZHX1gFBIn8","讃岐うどんまるいち 坂出久米店","〒762-0003 香川県坂出市久米町１丁目１４−１９",34.3210546,133.8596836,2025-12-12T12:22:54.284Z
"ChIJ5axsXnjgUzURPOJ6CT_JvlM","架け橋 夢うどん","〒762-0071 香川県坂出市与島町５８７",34.3852565,133.8156806,2025-12-12T12:22:54.284Z
"ChIJVVWcKu3eUzURthzlM6KVjkI","西ん家","〒762-0055 香川県坂出市築港町１丁目１−２８",34.3243392,133.8481116,2025-12-12T12:22:54.284Z
"ChIJdSctaV3ZUzUROHo6APlVYVw","上田 うどん","〒762-0081 香川県丸亀市飯山町東坂元７２２",34.2773688,133.859259,2025-12-12T12:22:54.284Z
"ChIJ5VoRO5beUzUR9zTVSCTIMp0","燈馬","〒762-0045 香川県坂出市元町２丁目２−３２",34.3153248,133.8545704,2025-12-12T12:22:54.284Z
"ChIJq6p2SizdUzURbI0Pm4ZObJ4","手打ちうどん 山下","〒769-0102 香川県高松市国分寺町国分１０３３−２",34.3007855,133.9400547,2025-12-12T12:22:54.284Z
"ChIJd1gafYTeUzURNSHoNS0gjpg","ウェリントン","〒762-0003 香川県坂出市久米町２丁目１０−３１",34.3226886,133.8620608,2025-12-12T12:22:54.284Z
"ChIJsxcXDTrcUzURmj2xbFULaO0","八十八ところてん 清水屋","〒762-0021 香川県坂出市西庄町７５９−１",34.3113736,133.880449,2025-12-12T12:22:54.284Z
"ChIJawmvd1zZUzURfFfiLyxJoYc","手打ちうどん 彦江","〒762-0081 香川県丸亀市飯山町東坂元６４５−４",34.2802991,133.8608752,2025-12-12T12:22:54.284Z
"ChIJjdwJZgnbUzURpuaJz52U528","こだわり麺や 綾南店","〒761-2307 香川県綾歌郡綾川町小野５０３−１",34.2494698,133.9088108,2025-12-12T12:22:54.284Z
"ChIJ44wkZpffUzUR-rTBTqCGFgE","串カツ七福","〒762-0045 香川県坂出市元町４丁目１−２７",34.3152587,133.8561184,2025-12-12T12:22:54.284Z
"ChIJ80WS3vzcUzURuaGSwRq6hpM","ラーメンショップ 坂出店","〒762-0023 香川県坂出市加茂町４６６−７",34.303602,133.914042,2025-12-12T12:22:54.284Z
"ChIJ92T0ubbeUzURrxTz3wp_lnQ","樹ノ一","〒762-0035 香川県坂出市池園町９−２０",34.3029373,133.8523779,2025-12-12T12:22:54.284Z
"ChIJKwjkCL3eUzURvl9ncMVO9hs","ジョイフル 坂出駅前店","〒762-0032 香川県坂出市駒止町１丁目１−３７４２−３",34.312684,133.8556315,2025-12-12T12:22:54.284Z
"ChIJw3ig7dneUzURs-e8lbvnbF8","手打うどん 長楽","〒769-0210 香川県綾歌郡宇多津町坂下２９００−１",34.3138169,133.8366145,2025-12-12T12:22:54.284Z
"ChIJ_eeQ4ZXeUzUR7vAsDncNuJs","お食事の店 どんや","〒762-0044 香川県坂出市本町２丁目８−２３",34.3163463,133.8529497,2025-12-12T12:22:54.284Z
"ChIJRx_bPv3YUzURkYbhmXdhuGk","うどん 飯野屋","〒763-0084 香川県丸亀市飯野町東二１８８８−１",34.2809182,133.8277179,2025-12-12T12:22:54.284Z
"ChIJc9H_sZbZUzUR1Nq_WvKqi2c","純手打うどん山とも","〒763-0082 香川県丸亀市土器町東９丁目１９４",34.2986312,133.8105597,2025-12-12T12:22:54.284Z
"ChIJ0cVQEK3dUzURTKjkucqFXXg","そば庵","〒762-0024 香川県坂出市府中町４１３６−１",34.2813735,133.9089921,2025-12-12T12:22:54.284Z
"ChIJLz3_UpDdAGARXvkJ1J89MWU","手打うどん 坂出","〒557-0014 大阪府大阪市西成区天下茶屋３丁目１９−２１",34.6369521,135.4990412,2025-12-12T12:22:54.284Z
"ChIJDXg3_Z99UTURQeA_g0OeRb8","こだわり八輻","〒765-0004 香川県善通寺市善通寺町１０５９−１",34.2248172,133.7722436,2025-12-12T12:22:54.284Z
"ChIJGZTfYRt9UTURhCDm1t4ra74","手打ちうどん 空","〒765-0061 香川県善通寺市吉原町２５２５−３ １階",34.2298246,133.7461719,2025-12-12T12:22:54.284Z
"ChIJ19ijJgDXUzURP5m33AZbcGs","製麺七や 319号店","〒765-0052 香川県善通寺市大麻町１２９６−１",34.2123188,133.8033445,2025-12-12T12:22:54.284Z
"ChIJUw7uLj59UTURFNb1ftjG2uE","こがね製麺所 善通寺国道店","〒765-0073 香川県善通寺市中村町６１５−１７",34.2455103,133.7689225,2025-12-12T12:22:54.284Z
"ChIJ8evVYHp9UTURwIOGY0nrVJU","讃岐うどん 麺賊","〒765-0011 香川県善通寺市上吉田町３丁目３−２４",34.227377,133.7823106,2025-12-12T12:22:54.284Z
"ChIJAV-E-zp9UTURpNwMC6R7JFE","こがね製麺所善通寺上吉田店","〒765-0011 香川県善通寺市上吉田町６丁目１４−２６",34.2328088,133.7843867,2025-12-12T12:22:54.284Z
"ChIJ4yo288TXUzURo-WftDfh6cM","白川うどん","〒765-0051 香川県善通寺市櫛梨町５００−１",34.2243748,133.802423,2025-12-12T12:22:54.284Z
"ChIJAQAAANN8UTURAkf7IOepLPg","まるやうどん","〒765-0021 香川県善通寺市下吉田町８８９−４",34.2471344,133.7696831,2025-12-12T12:22:54.284Z
"ChIJqyFjgQp9UTURnIyqQUuPPN4","オハラうどん","〒765-0004 香川県善通寺市善通寺町９１９−２",34.2268517,133.7696037,2025-12-12T12:22:54.284Z
"ChIJM7lYqkTXUzURxv88-vulRdU","こだわり麺や 善通寺店","〒765-0053 香川県善通寺市生野町６９０−１",34.2244886,133.7953126,2025-12-12T12:22:54.284Z
"ChIJM9kJhYp9UTURt1V7nkwczqE","川川うどん","〒765-0031 香川県善通寺市金蔵寺町４４２",34.2424034,133.7892611,2025-12-12T12:22:54.284Z
"ChIJPX9diqR9UTURVejRKR0qpqk","善通寺 構内食堂","〒765-0004 香川県善通寺市善通寺町１０５９−３",34.2251989,133.7725028,2025-12-12T12:22:54.284Z
"ChIJHUGwGY19UTURO-YzyxAK3xM","善乃家","〒765-0011 香川県善通寺市上吉田町３丁目９−１９",34.2287919,133.7814379,2025-12-12T12:22:54.284Z
"ChIJyxv2SdHXUzURk2YRHB7Ad5o","香川家","〒765-0053 香川県善通寺市生野町４４０−６",34.2204936,133.7959483,2025-12-12T12:22:54.284Z
"ChIJPwwFltjXUzURjsQ69pOLxSI","福一 善通寺店","〒765-0053 香川県善通寺市生野町１０５２−４",34.2291998,133.7916841,2025-12-12T12:22:54.284Z
"ChIJucWU1NnWUzURDbr5PPs2u2k","長田うどん","〒766-0023 香川県仲多度郡まんのう町吉野１２９０−１",34.1851132,133.8575425,2025-12-12T12:22:54.284Z
"ChIJ3Sx-m47XUzURwThkyz8EybU","うどんの四國館","〒765-0040 香川県善通寺市与北町１００２",34.236363,133.815113,2025-12-12T12:22:54.284Z
"ChIJf6LVZEjWUzURYKgp5Glaxf0","灸まんうどん","〒765-0052 香川県善通寺市大麻町３８８",34.1993683,133.8119081,2025-12-12T12:22:54.284Z
"ChIJlXuwAdfWUzUReJtiO6arXqM","元祖しょうゆうどん 小縣家","〒766-0023 香川県仲多度郡まんのう町吉野１２９８−２",34.1853674,133.8589968,2025-12-12T12:22:54.284Z
"ChIJ7bT9IjPXUzUR-O7FqS7Rmbk","琴平うどん食堂 紡麦","〒766-0001 香川県仲多度郡琴平町７２２−１",34.1878136,133.8197028,2025-12-12T12:22:54.284Z
"ChIJFwISL319UTURZQ_Iwn2nEQk","いけこうどん","〒764-0015 香川県仲多度郡多度津町西浜１１−１８",34.2714634,133.7446025,2025-12-12T12:22:54.284Z
"ChIJQ9WkJ2jWUzURtz2ShklJyWw","こんぴらうどん 参道店","〒766-0001 香川県仲多度郡琴平町８１０−３",34.1869918,133.8179121,2025-12-12T12:22:54.284Z
"ChIJQ_bW3HV9UTURtBqi-C202w4","酒蔵 本陣","〒765-0003 香川県善通寺市善通寺町３丁目２−２",34.225102,133.77595,2025-12-12T12:22:54.284Z
"ChIJYyaMeFR9UTURA6bliSZ8xdE","製麺 七や 原田店","〒765-0032 香川県善通寺市原田町１４７１−３",34.2526689,133.7861408,2025-12-12T12:22:54.284Z
"ChIJeUHe6iHYUzURYD7gQ4ScE58","麺通堂 郡家店","〒763-0093 香川県丸亀市郡家町６５１",34.2476883,133.8111419,2025-12-12T12:22:54.284Z
"ChIJqeWnt8nXUzUR0A97iU3yWaA","セルフうどん カントリー","〒766-0007 香川県仲多度郡琴平町下櫛梨１０２０−５",34.2155665,133.8086694,2025-12-12T12:22:54.284Z
"ChIJ-7W31YR9UTURW0wPSQbJli4","げんきや食堂","〒765-0011 香川県善通寺市上吉田町３丁目３−５",34.2271591,133.7820128,2025-12-12T12:22:54.284Z
"ChIJAw_zyAN9UTURn-1zheTE72s","製麺七や 弘田店","〒765-0071 香川県善通寺市弘田町９７１",34.2385473,133.7553833,2025-12-12T12:22:54.284Z
"ChIJh1SwR0LWUzURHBt9M5O2QwA","こんぴらうどん 工場店","〒766-0001 香川県仲多度郡琴平町６８０",34.1895544,133.8164788,2025-12-12T12:22:54.284Z
"ChIJH7EPojZ9UTURyvJNYXxMezw","麦のへそ","〒764-0028 香川県仲多度郡多度津町葛原６８０",34.2585968,133.7680708,2025-12-12T12:22:54.284Z
"ChIJje1ZaFrXUzURm54mAk4TgKY","八つ刻 醍醐","〒765-0033 香川県善通寺市木徳町２９７−１",34.2379819,133.8000509,2025-12-12T12:22:54.284Z
"ChIJ6UY1clF8UTURpPl1B08_8VY","鳥坂うどん","〒765-0061 香川県善通寺市吉原町２５５１−１",34.230295,133.746439,2025-12-12T12:22:54.284Z
"ChIJs9Skv7zXUzUR9k73ZbPwePc","山神うどん","〒766-0011 香川県仲多度郡まんのう町公文８３９",34.2194239,133.8184914,2025-12-12T12:22:54.284Z
"ChIJEe1cZKbXUzURSug8LJlg1ng","手打ちうどん めんくい","〒766-0012 香川県仲多度郡まんのう町西高篠４５２−１",34.2128172,133.8250778,2025-12-12T12:22:54.284Z
"ChIJVUAPQgB9UTURrZIxb_-Ymi4","らあめんや善通寺","〒765-0002 香川県善通寺市南町３丁目１７−２０",34.2252086,133.7766673,2025-12-12T12:22:54.284Z
"ChIJL8_4XGN9UTURTPnrSIbguwk","ひらけごま","〒765-0012 香川県善通寺市上吉田町１丁目４−１０",34.2291048,133.786516,2025-12-12T12:22:54.284Z
"ChIJ1ZVfNmtjUTURjpObOWgwe1c","うどん麦笑","〒764-0028 香川県仲多度郡多度津町葛原８５７−６",34.2642336,133.7679674,2025-12-12T12:22:54.284Z
"ChIJVVVVVXB9UTUROH84vNtBa-Y","骨付鳥 ひうら","〒765-0013 香川県善通寺市文京町２丁目８−１２",34.2278424,133.784449,2025-12-12T12:22:54.284Z
"ChIJV_WiCKJ9UTURB_XeW5ZpES8","にこいち","〒765-0011 香川県善通寺市上吉田町８丁目５−８",34.2315259,133.7805951,2025-12-12T12:22:54.284Z
"ChIJW8CPyWB9UTURvqt8C-v2C14","ごはんどき 善通寺店","〒765-0012 香川県善通寺市上吉田町３７２−１",34.2359086,133.7862858,2025-12-12T12:22:54.284Z
"ChIJHfcGcfx8UTURfchxYOH8Gl4","釜出しさぬきうどんめん一","〒764-0034 香川県仲多度郡多度津町山階２１２９−１",34.242243,133.748211,2025-12-12T12:22:54.284Z
"ChIJIW25XADXUzUR2DBuo1ZQN7Y","山下うどん 駐車場","〒765-0040 香川県善通寺市与北町",34.2298394,133.8172347,2025-12-12T12:22:54.284Z
"ChIJM-MggW99UTUR8DeOC6AdlFc","みよ志","〒765-0011 香川県善通寺市上吉田町８丁目４−３５",34.232577,133.781119,2025-12-12T12:22:54.284Z
"ChIJFSxstmR9UTURewk-sybdYfk","長谷川米穀店","〒765-0011 香川県善通寺市上吉田町２丁目５−６",34.2292138,133.7848748,2025-12-12T12:22:54.284Z
"ChIJgWoO48vXUzURk4lXZOGdw2c","宿月","〒766-0014 香川県仲多度郡琴平町 仲多度郡琴平町1068",34.1833749,133.8153082,2025-12-12T12:22:54.284Z
"ChIJN_IITQiDUTURWSzqy1ZuDVI","うどんや カマ喜ri","〒768-0040 香川県観音寺市柞田町甲４６−３",34.1127209,133.6765864,2025-12-12T12:22:54.284Z
"ChIJLSr7uAKDUTURpLGJ54QUV1I","手打ちうどん つるや","〒768-0067 香川県観音寺市坂本町３丁目７−１８",34.1269739,133.6671228,2025-12-12T12:22:54.284Z
"ChIJlS17J_SCUTURBW9_O3m0sL4","本場かなくま餅福田","〒768-0014 香川県観音寺市流岡町１４３６−２",34.13908,133.6727744,2025-12-12T12:22:54.284Z
"ChIJmZ_pXiWDUTURPdeeUPVtAaU","柳川製麺所 やな川うどん 本店","〒768-0060 香川県観音寺市観音寺町甲２８１４",34.1285172,133.6473479,2025-12-12T12:22:54.284Z
"ChIJu2S0ebODUTURXnFlPNE-LZw","大喜多うどん","〒768-0031 香川県観音寺市池之尻町７１８",34.115837,133.689782,2025-12-12T12:22:54.284Z
"ChIJVVVchqKaUTURnfebyn3sxpE","西端手打 上戸うどん","〒769-1604 香川県観音寺市豊浜町箕浦９７４−１",34.048,133.6189,2025-12-12T12:22:54.284Z
"ChIJq9_2uGqDUTURWCwiI9nzFAY","讃岐麺処山岡","〒768-0023 香川県観音寺市古川町２７３−１",34.1302292,133.6917986,2025-12-12T12:22:54.284Z
"ChIJTYWkfMqEUTUR-8hK3pWvB5Y","うまじ家 豊浜店","〒769-1601 香川県観音寺市豊浜町姫浜８３−１",34.0852072,133.6400989,2025-12-12T12:22:54.284Z
"ChIJcQZ6xAeDUTURFWYRNs6UQsI","将八うどん 観音寺本店","〒768-0011 香川県観音寺市出作町４１７",34.116543,133.6743782,2025-12-12T12:22:54.284Z
"ChIJKbrC4tuCUTURCcd8lvAE0tU","手打ちうどん かじまや","〒768-0001 香川県観音寺市室本町１１４５−１３",34.1400169,133.6513729,2025-12-12T12:22:54.284Z
"ChIJjwUBBk6CUTURBg1Ohj9mArg","かなくま餅１１号線","〒768-0012 香川県観音寺市植田町３５−２",34.1243765,133.6860936,2025-12-12T12:22:54.284Z
"ChIJy55pD--DUTUR-1nr8ieXre4","讃岐らぁ麺 伊吹いりこセンター 観音寺本店","〒768-0076 香川県観音寺市港町１丁目５−１１",34.1264625,133.6378728,2025-12-12T12:22:54.284Z
"ChIJAQA9Bn2QUTUR-2tIS6e0T18","鳥越製麺所","〒769-1604 香川県観音寺市豊浜町箕浦２４９５−１",34.0418942,133.600965,2025-12-12T12:22:54.284Z
"ChIJt85Uj5qEUTURv8NK26XzKjk","うどん処 麺紡","〒769-1611 香川県観音寺市大野原町大野原１２５７−７",34.0847222,133.6641667,2025-12-12T12:22:54.284Z
"ChIJ88RGKriEUTURFlwdbX6PibU","讃岐うどん ひめはま","〒769-1601 香川県観音寺市豊浜町姫浜９４４−２",34.0846708,133.647305,2025-12-12T12:22:54.284Z
"ChIJYaz8-OZ4UTUR0_po3X-O8Ek","三好うどん","〒767-0004 香川県三豊市高瀬町比地１５８３−１",34.182338,133.6923188,2025-12-12T12:22:54.284Z
"ChIJwXkuPTyCUTURR6ugMFFhdW8","うどん うらら","〒768-0023 香川県観音寺市古川町４１−１",34.1279579,133.7004917,2025-12-12T12:22:54.284Z
"ChIJm5FHGACDUTURBVa8vrDK3a8","讃岐うどん 祭","〒769-1615 香川県観音寺市大野原町丸井５７４−１",34.0907463,133.6937511,2025-12-12T12:22:54.284Z
"ChIJW-1sRFV_UTURnNN13OpbSWQ","上杉食品","〒769-1504 香川県三豊市豊中町上高野２７９１",34.1435087,133.7149825,2025-12-12T12:22:54.284Z
"ChIJASbNayiFUTURFgTaMIipESQ","お食事処 雲海亭","〒769-1615 香川県観音寺市大野原町丸井",34.0565595,133.7082461,2025-12-12T12:22:54.284Z
"ChIJhaCSPLWcUTUR-axyGyK3DSw","瀬戸うどん","〒768-0065 香川県観音寺市瀬戸町１丁目１５−２２",34.1219154,133.636667,2025-12-12T12:22:54.284Z
"ChIJT9NM-dSEUTURf7r1XuXaSVM","合田うどん","〒769-1611 香川県観音寺市豊浜町和田甲２４５–１",34.0704725,133.6396398,2025-12-12T12:22:54.284Z
"ChIJDSfO5kuDUTURfL6WcjgfYQk","中華そば虎龍","〒768-0063 香川県観音寺市三本松町４丁目２−１６",34.1175426,133.6419174,2025-12-12T12:22:54.284Z
"ChIJfWeRuYWDUTUR3oZorSg2-n8","つるかめうどん","〒768-0070 香川県観音寺市南町１丁目７−３１",34.1229992,133.6455258,2025-12-12T12:22:54.284Z
"ChIJJxjL9h2DUTURrnTLIfbsKyE","こがね製麺所 観音寺店","〒768-0067 香川県観音寺市坂本町１丁目３−１５",34.1299197,133.6623344,2025-12-12T12:22:54.284Z
"ChIJXVdUIluCUTURWFz8M_o8nXA","讃岐うどん 桃山亭 観音寺本店","〒768-0014 香川県観音寺市流岡町９７１−１",34.1320085,133.6845763,2025-12-12T12:22:54.284Z
"ChIJe8FLHwWCUTURfs4cen9OBAA","手打ちうどん いぶき","〒769-1504 香川県三豊市豊中町上高野１３７７−１",34.1386227,133.7063542,2025-12-12T12:22:54.284Z
"ChIJ_6q2mj-bUTURLNzVkiNnBCI","ぴっぴ亭","〒769-160 香川県観音寺市豊浜町箕浦２１８０−１ 豊浜SA (上り",34.0573726,133.6370118,2025-12-12T12:22:54.284Z
"ChIJOQYQZZiEUTURmEPeSoLT0Jo","手打蕎麦 祖谷の庄","〒769-1611 香川県観音寺市大野原町大野原３７９３−８",34.08895,133.6574097,2025-12-12T12:22:54.284Z
"ChIJp5r_NxCDUTURGHdyHKgYRSY","麺匠 いりこや","〒768-0040 香川県観音寺市柞田町甲２３６６ 甲２３６６ １",34.1189766,133.6546872,2025-12-12T12:22:54.284Z
"ChIJiVeEQeCCUTURg1n9kMyFTPY","まきや","〒768-0069 香川県観音寺市茂木町５丁目８−６",34.1333738,133.6580517,2025-12-12T12:22:54.284Z
"ChIJoxZ4G5WBUTURF5eIwzzWhh8","まなべうどん店","〒768-0103 香川県三豊市山本町財田西５３２−１",34.1159706,133.7313739,2025-12-12T12:22:54.284Z
"ChIJrTh4bleCUTURyxQ_AesArIY","やな川うどん 村黒店","〒768-0013 香川県観音寺市村黒町２２８−１",34.1308451,133.6790506,2025-12-12T12:22:54.284Z
"ChIJ45tyKXaQUTURup04f2YA39M","うどん武蔵","〒769-1604 香川県観音寺市豊浜町箕浦甲341-1",34.0441102,133.6115099,2025-12-12T12:22:54.284Z
"ChIJX9oH4K94UTUR1wGBbekMmQA","将八うどん 豊中店","〒769-1502 香川県三豊市豊中町笠田笠岡2103 1",34.1558156,133.7060471,2025-12-12T12:22:54.284Z
"ChIJP55YUqWDUTURlmQMCGk6Rd8","お食事処 グルーメ","〒768-0051 香川県観音寺市木之郷町４１９",34.1103693,133.6854186,2025-12-12T12:22:54.284Z
"ChIJ1dHkPkiDUTURDOyhUjF2qa4","めん六や 観音寺店","〒768-0031 香川県観音寺市池之尻町６６−１−66番地1",34.1245288,133.6888267,2025-12-12T12:22:54.284Z
"ChIJHXoQKPOEUTURs4XvLNhk4n4","田舎うどん 源","〒769-1611 香川県観音寺市大野原町大野原７２７９",34.0727867,133.6685444,2025-12-12T12:22:54.284Z
"ChIJx27aa0CCUTURHOS7waXpcqg","こだわり麺や 観音寺店","〒768-0023 香川県観音寺市古川町１９９−１",34.1325259,133.6939681,2025-12-12T12:22:54.284Z
"ChIJGQHs4mCCUTUR1AlpObQjcdg","セルフうどん 帰来亭","〒769-1507 香川県三豊市豊中町岡本３０２−３",34.1522431,133.684862,2025-12-12T12:22:54.284Z
"ChIJE9gMfaGEUTURNhENClT6tdI","セルフうどんの店 ふくや","〒769-1611 香川県観音寺市大野原町大野原３３８９−４",34.0932531,133.6538526,2025-12-12T12:22:54.284Z
"ChIJ81O5o1eCUTURzA4vos5cYy4","天ぷら割烹 ます梅","〒768-0014 香川県観音寺市流岡町１２８−４",34.130908,133.677913,2025-12-12T12:22:54.284Z
"ChIJsUfidmaDUTURQHs3MNcR4NQ","黒田うどん店","〒768-0040 香川県観音寺市柞田町丙２０４８",34.101942,133.661317,2025-12-12T12:22:54.284Z
"ChIJMzoygoWBUTURPLiD7CxvNlc","まんりょううどん","〒768-0101 香川県三豊市山本町辻２４７５",34.112647,133.7213001,2025-12-12T12:22:54.284Z
"ChIJCa3YfJt5UTUR1nxX1ulqkW8","心うどん店","〒769-1101 香川県三豊市詫間町詫間２１０２−１６",34.2237435,133.6709208,2025-12-12T12:22:54.284Z
"ChIJw_4fEZWDUTURHp-QMrtocrU","純手打ちうどん ひちふく亭","〒768-0052 香川県観音寺市粟井町１２５８−１",34.096677,133.6935414,2025-12-12T12:22:54.284Z
"ChIJlb6NkySDUTUR2R4xVPnnk_w","中華そば 源平","〒768-0060 香川県観音寺市観音寺町甲２９９３",34.1273251,133.650942,2025-12-12T12:22:54.284Z
"ChIJK36DkGqCUTUR8KPJQs3EhcE","うどん屋 一 本大店","〒768-0022 香川県観音寺市本大町２０５３",34.1258619,133.7091406,2025-12-12T12:22:54.284Z
"ChIJwdgTvB6DUTUR-GDGbN-J59w","かえるのこ","〒768-0067 香川県観音寺市坂本町７丁目２−３",34.1272353,133.6606846,2025-12-12T12:22:54.284Z
"ChIJZZ_g8OKCUTURDQmzZoy7aPQ","骨付き鳥 味鶴","〒768-0069 香川県観音寺市茂木町２丁目１−１１ コーポメンデージ 102号",34.1307827,133.6642724,2025-12-12T12:22:54.284Z
"ChIJ--aYZSSDUTURDl7-gy64X9c","文ちゃん","〒768-0060 香川県観音寺市観音寺町甲３０１６−１",34.128642,133.6511324,2025-12-12T12:22:54.284Z
"ChIJA-g3Dx-bUTURgUKzuvWTwto","讃岐うどん いぶき","〒769-1604 香川県観音寺市豊浜町箕浦１８４２−２",34.0535555,133.6347456,2025-12-12T12:22:54.284Z
"ChIJt2HCANOEUTUR83TfJldcm9o","杏香","〒769-1602 香川県観音寺市豊浜町和田浜１３６０−３",34.0744144,133.639843,2025-12-12T12:22:54.284Z
"ChIJjwa4gRGFUTURgmpxKQQEmDI","萩の茶屋","〒769-1161 香川県観音寺市大野原町大野原１５０９",34.0837175,133.658701,2025-12-12T12:22:54.284Z
"ChIJIdcDTz2DUTURRWC4t8jMS0M","はなまるうどん×吉野家 マルナカ観音寺駅南店","〒768-0066 香川県観音寺市昭和町１丁目３−１８",34.1234284,133.6559109,2025-12-12T12:22:54.284Z
"ChIJDQEXtx6DUTURc4lymsIgNH4","だいこくや食品(有)","〒768-0067 香川県観音寺市坂本町７丁目２−７",34.126861,133.660534,2025-12-12T12:22:54.284Z
"ChIJWe_fhaGEUTURzm5yWawUvcM","こがね製麺所 ハローズ大野原店","〒769-1611 香川県観音寺市大野原町大野原３９２０−１",34.0925873,133.6554586,2025-12-12T12:22:54.284Z
"ChIJMzMJV8qaUTURfzPKRUQ9uTQ","讃岐将八うどん｜豊浜SA下り","〒769-1604 香川県観音寺市豊浜町箕浦１８４２−２",34.053598,133.6348022,2025-12-12T12:22:54.284Z
"ChIJLYT9dNuBUTURHgMeTmQkCd8","讃岐うどん いしかわ家","〒768-0103 香川県三豊市山本町財田西４８７−１",34.118355,133.7275671,2025-12-12T12:22:54.284Z
"ChIJHXlRfwSDUTURFK03KBJQ_ag","餃子の大英","〒768-0011 香川県観音寺市出作町１０７０−１ 餃子の大英",34.1226797,133.6688384,2025-12-12T12:22:54.284Z
"ChIJzR6WTI-DUTURoDjKx3etdC4","中丸水産","〒768-0076 香川県観音寺市港町１丁目３−３２",34.1275081,133.6402288,2025-12-12T12:22:54.284Z
"ChIJCeEzUYODUTURtT05MstEgB8","いろり屋","〒768-0076 香川県観音寺市港町１丁目５−４",34.1266551,133.638277,2025-12-12T12:22:54.284Z
"ChIJ8-nU1kWCUTURn7tABTiP7xY","肉匠 綾商店","〒768-0040 香川県観音寺市柞田町甲６０３−２",34.114135,133.672333,2025-12-12T12:22:54.284Z
"ChIJlTOXqvSBUTURLkugnMQXneA","SIRAKAWA","〒768-0102 香川県三豊市山本町大野２８５４−８",34.1230605,133.7188789,2025-12-12T12:22:54.284Z
"ChIJ6dOIjmTpUzURoWsxl890gIw","さぬき麺市場 高松郷東店","〒761-8031 香川県高松市郷東町１４７",34.3450073,134.0164316,2025-12-12T12:22:54.284Z
"ChIJ-TYxozHqUzURwPJx6h9SeSU","さぬき麺業 松並店","〒761-8053 香川県高松市西ハゼ町２３５−１",34.3193943,134.0312309,2025-12-12T12:22:54.284Z
"ChIJqbuZulPrUzUR5dbf3VPwG94","さぬきうどん 讃どん","〒760-0016 香川県高松市幸町１−１ 大学会館",34.341633,134.0377933,2025-12-12T12:22:54.284Z
"ChIJD9eeE-LBUzURsfnJxxuK0Ug","さぬき一番 一宮店","〒761-8083 香川県高松市三名町１０５−２",34.2877097,134.0330078,2025-12-12T12:22:54.284Z
"ChIJ9_6B0I_rUzURyeGJFHlyAo0","讃岐めんさ","〒760-0054 香川県高松市常磐町１丁目３−１ 瓦町フラッグ 10階",34.3388694,134.0525173,2025-12-12T12:22:54.284Z
"ChIJ6dOIjmTpUzUR-3HlGiZm7xA","さぬき麺市場 伏石店","〒761-8071 香川県高松市伏石町２１４９−１６",34.3070461,134.0626653,2025-12-12T12:22:54.284Z
"ChIJs81jzBzqUzURbn7QP7g7zcE","さぬきうどん。たんぽぽ","〒761-8081 香川県高松市成合町１４９１−１",34.301975,134.0230842,2025-12-12T12:22:54.284Z
"ChIJo2cEzxPrUzURmu_A6iwGxYI","さぬきうどん三よし","〒760-0080 香川県高松市木太町１２６９−４",34.321765,134.070343,2025-12-12T12:22:54.284Z
"ChIJyZqCkAeTUzUROsG5715u8r0","セルフうどん さぬき麺児","〒761-0121 香川県高松市牟礼町牟礼１０８５−１ セルフうどんさぬき麺児",34.3435597,134.1332339,2025-12-12T12:22:54.284Z
"ChIJ--ZekkeXUzURTD664SzH89Q","セルフうどん こがね製麺所 寒川店","〒769-2322 香川県さぬき市寒川町石田西２０４７−１",34.261121,134.1992895,2025-12-12T12:22:54.284Z
"ChIJ10TxHObqUzURRzqvdxQPmkY","さぬき麺市場 高松中央インター林店","〒761-0301 香川県高松市林町２３８−１",34.2976752,134.0730097,2025-12-12T12:22:54.284Z
"ChIJxyWGZrkrUjURjnlYT_k8x7w","うどん さぬきや","〒778-0020 徳島県三好市池田町州津藤の井５４０−１",34.0395433,133.8432236,2025-12-12T12:22:54.284Z
"ChIJSXx_h9f9GGARhgmAnf1UEtE","さぬき屋島","〒252-0237 神奈川県相模原市中央区千代田４丁目１−６",35.5638287,139.3782087,2025-12-12T12:22:54.284Z
"ChIJsVljcwHaUzURO3M8b339WR0","サヌキのピッピ","〒761-2405 香川県丸亀市綾歌町栗熊西２１４７−６",34.2213694,133.8700861,2025-12-12T12:22:54.284Z
"ChIJCb4toaG9UzURWDNgD9lSuNU","八十八庵","〒769-2306 香川県さぬき市多和兼割９３−１",34.1901946,134.2068422,2025-12-12T12:22:54.284Z
"ChIJLwwytGuaUzUR3WYb5nMubW4","あなぶき家 津田の松原SA上り","〒769-2402 香川県さぬき市津田町鶴羽９３５−５",34.2768902,134.2642942,2025-12-12T12:22:54.284Z
"ChIJ-9w_MHiaUzURpIs1rE1rxxg","セルフうどん 松乃家生麺","〒769-2401 香川県さぬき市津田町津田１０１１−１５",34.2898573,134.2497607,2025-12-12T12:22:54.284Z
"ChIJLwbqAN-WUzURdVd-2vVEReM","木下製麺","〒769-2321 香川県さぬき市寒川町石田東甲９７５−６",34.265758,134.207794,2025-12-12T12:22:54.284Z
"ChIJSckc3hibUzURkN46nPzb_RA","松原うどん（道の駅 津田の松原）","〒769-2401 香川県さぬき市津田町津田１０３−３",34.2851878,134.2531522,2025-12-12T12:22:54.284Z
"ChIJ6QsDfmKRUzURfrC1s-2eTU4","手打ちうどん本舗 むれ","〒769-2101 香川県さぬき市志度５０３",34.3220611,134.172279,2025-12-12T12:22:54.284Z
"ChIJN9D8pfOZUzURFrufDRi7d7A","讃岐うどん 若潮","〒761-0904 香川県さぬき市大川町田倉１１９９−１",34.2496404,134.2645058,2025-12-12T12:22:54.284Z
"ChIJAQCwAmuaUzUR2-GxMtWnzQQ","あなぶき家 津田の松原SA（下り線）","〒769-2402 香川県さぬき市津田町鶴羽９３９−１",34.2752672,134.2643347,2025-12-12T12:22:54.284Z
"ChIJu5BtDXaRUzURyRxYY-6BVvg","こがね製麺所 志度店","〒769-2101 香川県さぬき市志度１２２１−５",34.3259667,134.1853977,2025-12-12T12:22:54.284Z
"ChIJU0c0O1yUUzURwkUkXD8alDQ","十河製麺","〒761-0705 香川県木田郡三木町井上７１７−８",34.291455,134.1392758,2025-12-12T12:22:54.284Z
"ChIJXaJ_5laQUzURGIvLL2mRG40","手打ちうどん 門家","〒769-2104 香川県さぬき市鴨部１３８８−１",34.316275,134.21664,2025-12-12T12:22:54.284Z
"ChIJaZnSKVd2UzUR58WaCWg7BJE","活魚料理 讃岐家","〒769-2904 香川県東かがわ市坂元２３６−２",34.2083283,134.4328057,2025-12-12T12:22:54.284Z
"ChIJsaOlaYSWUzURvNfpB6c1cDE","セルフうどん 元気","〒769-2301 香川県さぬき市長尾東９２０−５",34.2649758,134.1778205,2025-12-12T12:22:54.284Z
"ChIJzytTV2GWUzURpUZmegk2TMA","うどん亭 いわせ","〒769-2301 香川県さぬき市長尾東２３４６",34.251188,134.186558,2025-12-12T12:22:54.284Z
"ChIJJd3xwoybUzURoEAfVVrlO7o","セルフうどん 元匠 東かがわ店","〒769-2604 香川県東かがわ市西村８１５",34.2506122,134.3172514,2025-12-12T12:22:54.284Z
"ChIJJ3IGgNqeUzURKiR30wPGuCg","山賊村","〒769-2712 香川県東かがわ市西山６５８−１",34.1954289,134.3332078,2025-12-12T12:22:54.284Z
"ChIJF7pJiVWRUzURERBAlPp-KFo","セルフうどん 富士山","〒769-2101 香川県さぬき市志度２４３１",34.3161506,134.1729142,2025-12-12T12:22:54.284Z
"ChIJC-HrD215UTUROCaEHIu42ck","うどん 松ゆき","〒769-1102 香川県三豊市詫間町松崎２７８０−２５６",34.223206,133.6905647,2025-12-12T12:22:54.284Z
"ChIJnwJ2YQB5UTURz7yg0EY9-xs","讃岐うどん こばや","〒769-1404 香川県三豊市仁尾町仁尾乙１８２−６",34.1879448,133.6498824,2025-12-12T12:22:54.284Z
"ChIJ-cZbLmF5UTURDqd725Ihld8","手打ち讃岐うどん たくま","〒769-1102 香川県三豊市詫間町松崎１６６１",34.220885,133.6922273,2025-12-12T12:22:54.284Z
"ChIJucYKUMR-UTURwqa5kOfuLG4","小野うどん","〒767-0001 香川県三豊市高瀬町上高瀬１９５３−１",34.1854579,133.7267518,2025-12-12T12:22:54.284Z
"ChIJ3ULyCvt_UTURewk6yV5m_w0","岡﨑製麺所","〒769-0401 香川県三豊市財田町財田上２０３２",34.1186238,133.7847685,2025-12-12T12:22:54.284Z
"ChIJq6qaUWR5UTURh2vSgKgAOFk","釜あげうどん 七福","〒769-1102 香川県三豊市詫間町松崎２７８０−９２",34.2202882,133.68838,2025-12-12T12:22:54.284Z
"ChIJq7Bqy6x-UTURWDTUXY7vaXw","手打ちうどん 喰回","〒767-0031 香川県三豊市三野町大見甲１４７４",34.2093592,133.7143126,2025-12-12T12:22:54.284Z
"ChIJhxJPOsZ_UTUR2ULb4w0fDIs","くうかい高瀬","〒767-0011 香川県三豊市高瀬町下勝間１５−１",34.1789047,133.727263,2025-12-12T12:22:54.284Z
"ChIJxaePhip_UTURw5oJRxbqZxE","こがね製麺所 高瀬店","〒767-0011 香川県三豊市高瀬町下勝間１６２１−１",34.1776386,133.7163069,2025-12-12T12:22:54.284Z
"ChIJY_f_Qqt-UTUR8jdV1_Kf5CQ","讃岐ラーメン はまんど","〒767-0031 香川県三豊市三野町大見３８７３−１",34.2109885,133.7153115,2025-12-12T12:22:54.284Z
"ChIJA297T-6BUTURXlnda0_WhLM","ぷりうまうどん ふる里","〒768-0102 香川県三豊市山本町大野１００５−１",34.1263085,133.7253526,2025-12-12T12:22:54.284Z
"ChIJTc3OQ_brUzURmxXbRGSgj3w","うどんは飲みもの うどん屋もみじ","〒760-0052 香川県高松市瓦町１丁目9−１５",34.3412714,134.0519329,2025-12-12T12:22:54.284Z
"ChIJHTq9C_6SUzURcamR_rZEdZA","うどん本陣 山田家","〒761-0121 香川県高松市牟礼町牟礼３１８６",34.3532536,134.1296254,2025-12-12T12:22:54.284Z
"ChIJMWyhJHbrUzURpONppDqqkeg","手打十段 うどんバカ一代","〒760-0063 香川県高松市多賀町１丁目６−７",34.3367417,134.0585379,2025-12-12T12:22:54.284Z
"ChIJC_VmoZXrUzURqKwqDf9kWZg","さか枝うどん 本店","〒760-0017 香川県高松市番町５丁目２−２３",34.339807,134.04162,2025-12-12T12:22:54.284Z
"ChIJJbgoyr3rUzUR-4c_CsSfJKo","松下製麺所","〒760-0008 香川県高松市中野町２−２",34.3350154,134.0449083,2025-12-12T12:22:54.284Z
"ChIJJ_VswKXdUzUR57RHQ0OQru0","がもううどん","〒762-0023 香川県坂出市加茂町４２０−１",34.3049662,133.9148756,2025-12-12T12:22:54.284Z
"ChIJJzZ1TJvrUzURXST8qAQ2wT0","手打ちうどん 鶴丸","〒760-0045 香川県高松市古馬場町９−３４",34.342381,134.0523956,2025-12-12T12:22:54.284Z
"ChIJn-sUTi3rUzUR81sRYmjWUfw","讃岐夜うどんUTAGE宴製麺","〒760-0045 香川県高松市古馬場町４−１",34.3427573,134.053211,2025-12-12T12:22:54.284Z
"ChIJ50nPXtLYUzURzM_8Cpk_qrY","本格手打うどん おか泉","〒769-0208 香川県綾歌郡宇多津町浜八番丁１２９−１０",34.3092903,133.820996,2025-12-12T12:22:54.284Z
"ChIJBwR5HgDrUzURopBwKgPseYs","饂角製麺","〒760-0052 香川県高松市瓦町１丁目４−８",34.3414473,134.0527014,2025-12-12T12:22:54.284Z
"ChIJ3-oCOZvrUzURAfjOFZm_AKc","うどん家 五右衛門","〒760-0045 香川県高松市古馬場町１３−１５",34.3421444,134.0518944,2025-12-12T12:22:54.284Z
"ChIJJ5T2Rk_qUzURK4hfnuFp2Io","讃岐つけ麺 寒川","〒760-0028 香川県高松市鍛冶屋町４−１６",34.3428165,134.0488575,2025-12-12T12:22:54.284Z
"ChIJLRt49oPrUzUR7NLzXOlfY48","讃岐うどん えん家","〒760-0040 香川県高松市片原町３−１",34.3458261,134.0533453,2025-12-12T12:22:54.284Z
"ChIJUWxBxZnrUzURqk3WNOcveCw","しんぺいうどん","〒760-0052 香川県高松市瓦町１丁目4−１１ 第三ビル 1F",34.3416034,134.0524855,2025-12-12T12:22:54.284Z
"ChIJnaB9Id_aUzURer7v8A0LnYM","山越うどん","〒761-2207 香川県綾歌郡綾川町羽床上６０２−２",34.2257801,133.9282095,2025-12-12T12:22:54.284Z
"ChIJ4cU9_-zmAGARSwBzeH9T9KE","うどん棒 高松本店","〒760-0050 香川県高松市亀井町８−１９",34.3394937,134.0483626,2025-12-12T12:22:54.284Z
"ChIJTxGVIL7rUzURH7e2fgVhDNI","セルフうどんの店 ちくせい","〒760-0006 香川県高松市亀岡町２−２３",34.33811,134.042308,2025-12-12T12:22:54.284Z
"ChIJY3y9ZpvrUzURbgAreBfiVNo","うどん職人 さぬき麺之介","〒760-0052 香川県高松市瓦町１丁目７−３",34.3410197,134.0528298,2025-12-12T12:22:54.284Z
"ChIJRT3IdwDrUzURqcdT0NeCrgo","本格手打もり家 高松シンボルタワー店","〒760-0019 香川県高松市サンポート２−１ マリタイムプラザ 3F",34.3523085,134.0473602,2025-12-12T12:22:54.284Z
"ChIJlZzH9pnrUzURu5nALrzCx_U","麺処 綿谷 高松店","〒760-0051 香川県高松市南新町８−１１",34.3392535,134.0493385,2025-12-12T12:22:54.284Z
"ChIJDXcZTrzrUzURwpN3bG7kgAU","こころええやん 本店 骨付鳥と讃岐手打ちうどん こころ","〒760-0008 香川県高松市中野町１６−１８",34.3341457,134.0454709,2025-12-12T12:22:54.284Z
"ChIJocmwxBTrUzURL-TOPHC7PFg","手打ち一本 まさ屋","〒760-0033 香川県高松市丸の内７−３４ 高松市丸の内",34.3477949,134.0522403,2025-12-12T12:22:54.284Z
"ChIJ__87oMXrUzURw8HpyGjxc4Q","手打ちうどん 讃州めんめ","〒760-0005 香川県高松市宮脇町２丁目３２−４０",34.33506,134.0319129,2025-12-12T12:22:54.284Z
"ChIJaRx9WQDrUzURgpZS2YtTnF8","かすうどん ごすけ","〒760-0045 香川県高松市古馬場町１４−１１",34.3422355,134.0512107,2025-12-12T12:22:54.284Z
"ChIJs4le-dDqUzURUh3Eqj2Qc-g","うつ海うどん","〒761-0313 香川県高松市下田井町３５９−２",34.2929383,134.0885457,2025-12-12T12:22:54.284Z
"ChIJVVUF-JDXUzUR7uDCavVTYas","山下うどん","〒765-0040 香川県善通寺市与北町２８４−１",34.2298718,133.8177216,2025-12-12T12:22:54.284Z
"ChIJWUJrkbDrUzURKf-Dpey_-lI","さぬきうどん 上原屋本店","〒760-0073 香川県高松市栗林町１丁目１８−８",34.3271176,134.0453842,2025-12-12T12:22:54.284Z
"ChIJkTq24Y_rUzUR0herhWQkbng","手打うどん 風月","〒760-0027 香川県高松市紺屋町４−１３",34.3448791,134.047518,2025-12-12T12:22:54.284Z
"ChIJv6gE_77rUzUR7d-xtwXwO3k","誠うどん","〒760-0006 香川県高松市亀岡町１７−１４",34.3361661,134.0415049,2025-12-12T12:22:54.284Z
"ChIJVWAA-7jeUzURBtyBRrFAVxs","日の出製麺所","〒762-0046 香川県坂出市富士見町１丁目８−５",34.3103535,133.850164,2025-12-12T12:22:54.284Z
"ChIJ73bALl3pUzURYNC9QLnxXcw","手打ちうどん ひさ枝","〒761-8031 香川県高松市郷東町７９６−５３",34.3535507,134.0106273,2025-12-12T12:22:54.284Z
"ChIJ-9rKKK7ZUzURQ4sbn2YjQuU","なかむらうどん","〒762-0087 香川県丸亀市飯山町西坂元１３７３−３",34.260443,133.8357527,2025-12-12T12:22:54.284Z
"ChIJwZ8XekeTUzURVupj12LoTcQ","ざいごうどん 本家わら家","〒761-0112 香川県高松市屋島中町９１",34.343744,134.108235,2025-12-12T12:22:54.284Z
"ChIJu8pLmqzsUzURST6s5_kVltc","手打ちうどん ますや","〒761-0101 香川県高松市春日町１７４３−２",34.3373323,134.0944567,2025-12-12T12:22:54.284Z
"ChIJU2GtspXrUzURKbi6KlK2Ybs","さぬきうどん 番丁","〒760-0017 香川県高松市番町４丁目１４−２６",34.340565,134.0420374,2025-12-12T12:22:54.284Z
"ChIJJesMSwXCUzUR0dLk8f3034I","マルタニ製麺","〒761-8044 香川県高松市円座町１０２３−１",34.2893645,134.0113932,2025-12-12T12:22:54.284Z
"ChIJ8UQqdIXrUzURWPhXYyFQ308","さぬき麺業 兵庫町店","〒760-0024 香川県高松市兵庫町１１−９",34.3460617,134.0494391,2025-12-12T12:22:54.284Z
"ChIJafzBWU3UUzURV0Nyw7lCVwo","山内うどん","〒769-0316 香川県仲多度郡まんのう町大口１０１０",34.1370374,133.8297507,2025-12-12T12:22:54.284Z
"ChIJr3W1SmfpUzURuRaLkBeT1t8","手打ちうどん はりや","〒761-8031 香川県高松市郷東町５８７−１７４",34.3493548,134.0151508,2025-12-12T12:22:54.284Z
"ChIJKekzJgTBUzURbxd4cydPdWI","本格手打もり家 高松本店","〒761-1704 香川県高松市香川町川内原１５７５−１",34.2396613,134.0514987,2025-12-12T12:22:54.284Z
"ChIJmffh9ITrUzURNxfTQ44CX8E","川福","〒760-0042 香川県高松市大工町２−１",34.344896,134.051949,2025-12-12T12:22:54.284Z
"ChIJhascEJrrUzURlm-n-tS8q-8","さか枝うどん 南新町店","〒760-0051 香川県高松市南新町４−６",34.3401993,134.0490851,2025-12-12T12:22:54.284Z
"ChIJiZwd04TrUzUR5NIKH2-KuGk","手打ちうどん 北古馬場ごえもんうどん","〒760-0045 香川県高松市古馬場町１−１２",34.3431739,134.0513257,2025-12-12T12:22:54.284Z
"ChIJ11rKdnnrUzURLq8MXCutu2g","晴屋製麺所 まちなか店","〒760-0051 香川県高松市南新町８−３",34.3395771,134.049324,2025-12-12T12:22:54.284Z
"ChIJi5K7k5brUzURLQouTk5UHD4","こだわり麺や 高松店","〒760-0018 香川県高松市天神前５−２５",34.3400856,134.0446354,2025-12-12T12:22:54.284Z
"ChIJiZNImNHrUzURCNomwDs5F48","セルフうどん まんでがん","〒760-0018 香川県高松市天神前８−２５",34.3388512,134.0459358,2025-12-12T12:22:54.284Z
"ChIJx6VwbJbrUzURxm5nuYdhmJo","めんや七福 高松店","〒760-0018 香川県高松市天神前６−１０",34.338354,134.0442566,2025-12-12T12:22:54.284Z
"ChIJTzGq9qPtUzUR1lc6l4AxBaw","うどん・そうめん かじかわ","〒760-0065 香川県高松市朝日町２丁目１１−１２",34.3494697,134.064856,2025-12-12T12:22:54.284Z
"ChIJhc452JHrUzURq3AbmirYe9g","さぬきうどん ちく泉","〒760-0020 香川県高松市錦町１丁目１５",34.3456678,134.045386,2025-12-12T12:22:54.284Z
"ChIJQxo9tojrUzURFDzJXpSRFzs","めりけんや 高松駅前店","〒760-0021 香川県高松市西の丸町６−２０",34.3497627,134.0472791,2025-12-12T12:22:54.284Z
"ChIJA2ROD4brUzURz-tRNlBRMXM","セルフ釜あげうどん 岡じま たかまつ店","〒760-0023 香川県高松市寿町１丁目４−３ 高松中央通りビル １階",34.3488577,134.0491239,2025-12-12T12:22:54.284Z
"ChIJTQ4HgoXrUzUR0rnn0To3fb0","うどん市場 兵庫町店","〒760-0024 香川県高松市兵庫町２−８ ひらのやビル",34.34645,134.0488,2025-12-12T12:22:54.284Z
"ChIJySqNt4_rUzURdm1_nqQYNB0","手打ちうどん 三福","〒760-0024 香川県高松市兵庫町７−１",34.3465593,134.0466013,2025-12-12T12:22:54.284Z
"ChIJk5groe3qUzURbAlarjzTInU","手打うどん 三徳","〒761-0301 香川県高松市林町３９０−１",34.2926836,134.0689856,2025-12-12T12:22:54.284Z
"ChIJbz8eyIXrUzURiPvzeo-L0eQ","植田うどん","〒760-0034 香川県高松市内町１−８",34.346896,134.050304,2025-12-12T12:22:54.284Z
"ChIJN6I6lpDrUzURQvqvqtwP5z8","手打うどん 義経","〒760-0040 香川県高松市片原町１−１４",34.3460601,134.0515673,2025-12-12T12:22:54.284Z
"ChIJa6mkKo_rUzURkzyNEfiIYZ4","手打ちうどん 味庄","〒760-0021 香川県高松市西の丸町５−１５",34.3498472,134.046116,2025-12-12T12:22:54.284Z
"ChIJaUYAsE99UTURvKrmpF8xh9E","釜あげうどん 長田 in 香の香","〒765-0031 香川県善通寺市金蔵寺町１１８０",34.2508681,133.7796345,2025-12-12T12:22:54.284Z
"ChIJgf3fwpzrUzURSwYQBWHl4iE","うどん市場 めんくい","〒760-0047 香川県高松市塩屋町９−７",34.3404602,134.0549508,2025-12-12T12:22:54.284Z
"ChIJscdb03_rUzURa2v4ClQZ2Eg","手打うどん 麦蔵","〒760-0066 香川県高松市福岡町１丁目４８２−５",34.347775,134.0603187,2025-12-12T12:22:54.284Z
"ChIJtUivYXDZUzURfZBjPokKkfY","讃岐うどん究極奥義 無双転生‼️ (1階、本家なごやんラーメン内)사누키 우동 궁극 오의 무상 환생赞岐乌冬面终极秘密无双转生(Sanuki Udon Ultimate Secret Muso Tensei)","〒763-0045 香川県丸亀市通町52番地1",34.2899537,133.7963108,2025-12-12T12:22:54.284Z
"ChIJhdpyUZvYUzURxYnHVgxsMZg","麺処 綿谷 丸亀店","〒763-0015 香川県丸亀市北平山町２丁目６−１８",34.2963123,133.7961602,2025-12-12T12:22:54.284Z
"ChIJA4CR9azZUzURukkmXcis1rE","元祖夜専門幻のさぬきうどん店 ICHIRO","〒763-0034 香川県丸亀市大手町３丁目１３−１２",34.289028,133.7950598,2025-12-12T12:22:54.284Z
"ChIJcxQxNHN9UTURdVS5suuIblA","宮川製麺所","〒765-0073 香川県善通寺市中村町１丁目１−２０",34.2314375,133.7719375,2025-12-12T12:22:54.284Z
"ChIJLzrxtxzZUzURSV1EYk5VwYA","手打うどん 竹寅","〒763-0071 香川県丸亀市田村町１７８０−１ マイタウン 1階東",34.2748126,133.794906,2025-12-12T12:22:54.284Z
"ChIJUX0mgFrXUzURSjtzXxM5eHY","麦香うどん","〒761-2401 香川県丸亀市綾歌町岡田上１８９８−３",34.2165119,133.8577689,2025-12-12T12:22:54.284Z
"ChIJI8xnMr7YUzURQ8c_25Y-6yU","中村うどん","〒763-0082 香川県丸亀市土器町東９丁目２８３",34.3003989,133.8073677,2025-12-12T12:22:54.284Z
"ChIJQ7cYKH1iUTURcHwx_rf8lbw","讃岐手打うどん まごころ","〒763-0062 香川県丸亀市蓬莱町５５−３",34.2954126,133.7818412,2025-12-12T12:22:54.284Z
"ChIJHdZkfujZUzURnfEb9_HYTX4","マタタビ饂飩店","〒763-0022 香川県丸亀市浜町３２２ アチーブ浜町丸亀駅ビル 1F",34.2928044,133.7944889,2025-12-12T12:22:54.284Z
"ChIJV_aIGgDbUzUR5j2PQjJFIxs","時とまるudon","〒761-2407 香川県丸亀市綾歌町富熊３９９−３",34.2507686,133.8718307,2025-12-12T12:22:54.284Z
"ChIJDeLR_RPZUzURyeP8YLRxdbE","本格手打 あかみち","〒765-0040 香川県善通寺市与北町１０１４−４",34.2359133,133.8143521,2025-12-12T12:22:54.284Z
"ChIJv-XGf6jZUzUR8Yh3izjU3dA","純手打うどん よしや","〒763-0084 香川県丸亀市飯野町東二３４３−１",34.2657445,133.8386151,2025-12-12T12:22:54.284Z
"ChIJKWhEh47YUzURe5537zAfrFg","手打うどん 丸亀渡辺","〒763-0082 香川県丸亀市土器町東１丁目９７",34.2863174,133.8179539,2025-12-12T12:22:54.284Z
"ChIJO-fLPKzZUzURw1XmnPkAbrY","セルフうどん おかだ","〒763-0084 香川県丸亀市飯野町東二６２３−１",34.2644358,133.8332727,2025-12-12T12:22:54.284Z
"ChIJXQ3drnd5UTUR1T6KFLolqNs","本格手打ちうどん もり","〒767-0013 香川県三豊市高瀬町下麻６７８",34.1714125,133.7488648,2025-12-12T12:22:54.284Z
"ChIJEwkbTSXZUzURBlRreia4BNE","セルフうどん 麺太郎","〒769-0210 香川県綾歌郡宇多津町東分１６８０−１",34.29421,133.838554,2025-12-12T12:22:54.284Z
"ChIJyXPKL5eDUTUR8Afj7Fz9sVA","うどん好き","〒768-0011 香川県観音寺市出作町８１１−１",34.114634,133.6786217,2025-12-12T12:22:54.284Z
"ChIJsaJ70XfYUzURDjLWhhuo21A","手打うどん 龍","〒763-0052 香川県丸亀市津森町４０７−１",34.2778089,133.7907341,2025-12-12T12:22:54.284Z
"ChIJDxRt2KjZUzURcxR-ObpNiiU","手打ちうどん 歩","〒763-0084 香川県丸亀市飯野町東二４８４",34.2650611,133.8362822,2025-12-12T12:22:54.284Z
"ChIJn_UFz4PYUzURi0gQ_SE7EuI","石川うどん","〒763-0044 香川県丸亀市福島町５４−８ こぐまマンション丸亀駅前",34.2931502,133.7937226,2025-12-12T12:22:54.284Z
"ChIJQcYExPjZUzURjGhrOV7l6RA","手打ちうどん つよ志","〒761-2402 香川県丸亀市綾歌町岡田下５２８−２",34.2236416,133.8591968,2025-12-12T12:22:54.284Z
"ChIJJ_wgpn7XUzUR-TU7CRrA1Uo","うどん明水亭","〒763-0095 香川県丸亀市垂水町９５６−２",34.23018,133.833676,2025-12-12T12:22:54.284Z
"ChIJWVI7D__XUzURNqwnOmGYsDU","ジャンボうどん 高木","〒765-0032 香川県善通寺市原田町１０００−２",34.2504155,133.7935887,2025-12-12T12:22:54.284Z
"ChIJDbO2iVvWUzURshmPFzQ92bc","セルフうどん いわのや","〒766-0002 香川県仲多度郡琴平町２９１−１０",34.1895651,133.8228157,2025-12-12T12:22:54.284Z
"ChIJI_DZpNV-UTUREW5TvGrTuZw","手打ちうどん 渡辺","〒767-0011 香川県三豊市高瀬町下勝間２５５２",34.1794162,133.7172027,2025-12-12T12:22:54.284Z
"ChIJITY0SrLXUzURPkX9fQ9KUtQ","讃岐うどん めん舟","〒766-0005 香川県仲多度郡琴平町苗田９５７−５",34.1978909,133.8191135,2025-12-12T12:22:54.284Z
"ChIJRaZoAWt-UTURMP4-WqR6LTE","須崎食料品店","〒767-0014 香川県三豊市高瀬町上麻３７７８",34.175128,133.769552,2025-12-12T12:22:54.284Z
"ChIJA-7OwIbYUzUR4klQodPNje0","本格手打ちうどん セルフつづみ","〒763-0082 香川県丸亀市土器町東４丁目７７０",34.2914396,133.8153569,2025-12-12T12:22:54.284Z
"ChIJjxtlJdHZUzUR3mdNJ1QTw9k","本格手打ち うどん屋 108本店","〒763-0034 香川県丸亀市大手町３丁目１２−８ 川人ビル 2F",34.2890653,133.7953083,2025-12-12T12:22:54.284Z
"ChIJVQW3bK_cUzURO9HYiyib8j4","手打うどん たむら","〒761-2103 香川県綾歌郡綾川町陶1090ｰ3",34.2664961,133.9353146,2025-12-12T12:22:54.284Z
"ChIJz-4Z-r_YUzURE59X_a-XFW4","讃州製麺","〒763-0082 香川県丸亀市土器町東９丁目２４０ ２４０番地",34.299319,133.809643,2025-12-12T12:22:54.284Z
"ChIJ_74FToTCUzURf1mSXzIPKE4","うどん 一福","〒769-0101 香川県高松市国分寺町新居１６９−１",34.3080364,133.9753189,2025-12-12T12:22:54.284Z
"ChIJmUQmYGPBUzURKURijy3K61w","池上製麺所","〒761-1705 香川県高松市香川町川東下８９９−１",34.2461562,134.0246474,2025-12-12T12:22:54.284Z
"ChIJr7-RPFbaUzURUMgRh8nNWl0","うどん はゆか","〒761-2308 香川県綾歌郡綾川町羽床下２２２２−５",34.2323841,133.9048205,2025-12-12T12:22:54.284Z
"ChIJX95KwcrPUzURx8fV8zsV-0A","三嶋製麺所","〒766-0203 香川県仲多度郡まんのう町川東２７６",34.1419754,133.9613495,2025-12-12T12:22:54.284Z
"ChIJLewAtIDYUzURvHgKAXy-nJY","手打うどん 飯田屋","〒763-0034 香川県丸亀市大手町３丁目７−４",34.2880319,133.7953347,2025-12-12T12:22:54.284Z
"ChIJgfmX9N7bUzURmUhVIMNZdc0","讃岐うどん海侍其の壱","〒762-0081 香川県丸亀市飯山町東坂元２７１０−５",34.2690658,133.8708469,2025-12-12T12:22:54.284Z
"ChIJu-dtuQvYUzURYI3aGYq15-Y","こだわり麺や 丸亀田村店","〒763-0071 香川県丸亀市田村町６１３−１",34.266769,133.793937,2025-12-12T12:22:54.284Z
"ChIJDb5QcVjWUzURL56CfiTR894","手打うどん むさし","〒766-0003 香川県仲多度郡琴平町五條６３７−２",34.1898797,133.8286883,2025-12-12T12:22:54.284Z
"ChIJd4ncKQPZUzUR5ABCSUFPmvw","あやうた製麺","〒761-2403 香川県丸亀市綾歌町岡田西１７８５",34.2323592,133.8417893,2025-12-12T12:22:54.284Z
"ChIJd_4bAlB9UTUR4UlF1VY1rb8","はなや食堂","〒765-0031 香川県善通寺市金蔵寺町８３８−２",34.2488228,133.7812396,2025-12-12T12:22:54.284Z
"ChIJAwBk6Hp9UTURf0cPOf_lS6k","大川製麺所","〒765-0011 香川県善通寺市上吉田町３丁目９−５",34.2284513,133.7830154,2025-12-12T12:22:54.284Z
"ChIJndJbeXnfUzURkfvoe9B8GRs","饂飩 こむぎや","〒762-0001 香川県坂出市京町２丁目４−１",34.3152578,133.8580254,2025-12-12T12:22:54.284Z
"ChIJaZnSKVd2UzURpFLBU-zvaUs","本場さぬき うどんや","〒769-2904 香川県東かがわ市坂元２３６−１",34.2082974,134.4333949,2025-12-12T12:22:54.284Z
"ChIJA12unISQUzURQDA5_jfAqMg","さぬきうどん 羽立","〒769-2401 香川県さぬき市津田町津田２１６１−２",34.293992,134.242896,2025-12-12T12:22:54.284Z
"ChIJVVXhIAqRUzURCDJfDTQGFDg","手打うどん 源内","〒769-2101 香川県さぬき市志度１５９７−１０",34.3213968,134.1956207,2025-12-12T12:22:54.284Z
"ChIJo2DgdZyVUzURjhlcdA17UIk","手織うどん 滝音","〒761-0613 香川県木田郡三木町上高岡２６６−１",34.2529217,134.1388058,2025-12-12T12:22:54.284Z
"ChIJi_af1nKVUzURqL9SommS5yI","おうどん 瀬戸晴れ","〒761-0121 香川県高松市牟礼町牟礼２６９４−１",34.3490006,134.1228084,2025-12-12T12:22:54.284Z
"ChIJ5XeaL3CRUzURNepOJbX4iRI","さぬきうどん処 麺でぃ〜","〒769-2101 香川県さぬき市志度１９０５−２",34.3196953,134.1835017,2025-12-12T12:22:54.284Z
"ChIJJcBmUFqcUzURr-WLB6v2z6E","麺工房 六車","〒769-2701 香川県東かがわ市湊６−１",34.2463,134.350168,2025-12-12T12:22:54.284Z
"ChIJa1NpodyQUzUR0-5CJbD4vTI","麺処 まはろ","〒769-2323 香川県さぬき市寒川町神前３９７０",34.29029,134.2184703,2025-12-12T12:22:54.284Z
"ChIJ__KcZV_bUzUROcoaHewvZfY","さぬきうどんの駅 綾川","〒761-2305 香川県綾歌郡綾川町滝宮１５７８",34.2500431,133.9170348,2025-12-12T12:22:54.284Z
"ChIJdx4gG2TOUzURYlTD6dGkxlU","谷川米殻店","〒766-0203 香川県仲多度郡まんのう町川東１４９０",34.1113622,133.9763583,2025-12-12T12:22:54.284Z
"ChIJy9prhKaWUzURUfSt0K1ax9Y","さぬきうどん 溜","〒769-2311 香川県さぬき市造田宮西８４９−１",34.2840845,134.1763545,2025-12-12T12:22:54.284Z
"ChIJawLg3laXUzURu0P4a9R9QjE","手打うどん まるたけ","〒761-0902 香川県さぬき市大川町富田中３３０９−１",34.2584383,134.2440569,2025-12-12T12:22:54.284Z
"ChIJUYDV056dUzURPoF5zRR6D-w","東かがわ マルタツ 手打ちうどん","〒769-2703 香川県東かがわ市伊座７２２",34.2333049,134.3832223,2025-12-12T12:22:54.284Z
"ChIJ0a94V2acUzURgWzbu6O0l1I","吉本食品","〒769-2601 香川県東かがわ市三本松６０８",34.2505493,134.3396833,2025-12-12T12:22:54.284Z
"ChIJx23ePV2cUzURvZ4_D3TiOpA","元匠 東かがわ湊店","〒769-2701 香川県東かがわ市湊８５７−２",34.247594,134.3438551,2025-12-12T12:22:54.284Z
"ChIJM-iDTFbBUzURWoglBTemqOw","かわたうどん","〒761-1401 香川県高松市香南町岡１３５８−１",34.2287449,134.0215495,2025-12-12T12:22:54.284Z
"ChIJZ-oRM2jqUzURKM-nZz27wGc","手打ちうどん 上田","〒761-8074 香川県高松市太田上町７９８−１５",34.3000259,134.0462465,2025-12-12T12:22:54.284Z
"ChIJH05kzXaRUzUR1hgFH3cFvJQ","讃岐うどん 亀城庵","〒769-2101 香川県さぬき市志度１０５７−５",34.3233606,134.1845202,2025-12-12T12:22:54.284Z
"ChIJ5cOdNeyUUzUR9bI_QcOrI4k","あづまうどん","〒761-0322 香川県高松市前田東町３４０−１",34.298832,134.1220372,2025-12-12T12:22:54.284Z
"ChIJhcVG3w-VUzURdte-cpjKzHU","多田製麺所","〒761-0701 香川県木田郡三木町池戸２９１８",34.2728047,134.1245141,2025-12-12T12:22:54.284Z
"ChIJm1FnAKrFUzURitDicEuVlX0","いなもくうどん","〒761-2202 香川県綾歌郡綾川町枌所西 西甲１４２０−３",34.199187,133.9821211,2025-12-12T12:22:54.284Z
"ChIJu1Nl3HfrUzUR2a2YcLHmQVc","うどん処 さぬきや","〒760-0062 香川県高松市塩上町３丁目１３−６",34.3384743,134.0583944,2025-12-12T12:22:54.284Z
"ChIJe8NJvJrrUzURC3ckN2iEIYU","一鶴 高松店","〒760-0028 香川県高松市鍛冶屋町４−１１",34.3430677,134.0486208,2025-12-12T12:22:54.284Z
"ChIJtfNVoG3CUzURsg6AOqHApQg","宮武うどん","〒761-8044 香川県高松市円座町３４０−１",34.2938678,133.9983628,2025-12-12T12:22:54.284Z
"ChIJl1z1qHDYUzURLgpuh4Mq8bw","讃岐うどん 桃山亭 丸亀店","〒763-0033 香川県丸亀市中府町１丁目５−１",34.2778053,133.7960205,2025-12-12T12:22:54.284Z
"ChIJEbl88XnYUzURm_OYBAj6CG0","讃岐製麺所","〒763-0033 香川県丸亀市中府町２丁目２−２６",34.2790747,133.7951896,2025-12-12T12:22:54.284Z
"ChIJOxNmd49iUTURnL7mrPFycEg","セルフ釜揚げうどん岡じま 丸亀店","〒763-0065 香川県丸亀市塩屋町３丁目１１−２４",34.2865278,133.7765972,2025-12-12T12:22:54.284Z
"ChIJFZjkL4PYUzUR2gb1GP_C2ms","セルフうどん 喰うかい","〒763-0042 香川県丸亀市港町３０７",34.2963609,133.7938142,2025-12-12T12:22:54.284Z
"ChIJJfxAJAbCUzURevybSyuNG-Q","手打ちうどん 清水屋","〒761-8081 香川県高松市成合町8",34.2955576,134.0107658,2025-12-12T12:22:54.284Z
"ChIJNyAXdBrqUzURejd0G5HHbNo","中西うどん","〒761-8082 香川県高松市鹿角町８２３−１",34.3022141,134.0294557,2025-12-12T12:22:54.284Z
"ChIJQ8AByubBUzURtdMPGRlnqKk","うどんの田","〒761-8085 香川県高松市寺井町３８−１",34.2826365,134.0353913,2025-12-12T12:22:54.284Z
"ChIJe8zYJqHrUzURrQmEKPFFwUM","麺匠 くすがみ","〒760-0075 香川県高松市楠上町２丁目６−３６",34.3285966,134.0554754,2025-12-12T12:22:54.284Z
"ChIJKSb80YTrUzUR4cr-Cckqn-4","こころえぇやん ライオン通り店 骨付鳥と讃岐手打ちうどんのこころ","〒760-0044 香川県高松市御坊町１０−１５",34.3433187,134.0514853,2025-12-12T12:22:54.284Z
"ChIJAbJ-d4XrUzURJN1sZ7tWo5E","はなまるうどん 高松兵庫町店","〒760-0024 香川県高松市兵庫町１０−１",34.3461846,134.0490801,2025-12-12T12:22:54.284Z
"ChIJdxIeRnTrUzURNWt2XqG2FDk","野口製麺","〒760-0077 香川県高松市上福岡町１２８６",34.3331196,134.060909,2025-12-12T12:22:54.284Z
"ChIJQbAAfADrUzUR57GdO1lbC90","こだわり麺や サンポート高松店","〒760-0019 香川県高松市サンポート２−１ タワー棟",34.3523957,134.0476297,2025-12-12T12:22:54.284Z
"ChIJR33hoxTrUzURdOdc716NA6I","やまと製麺所","〒760-0080 香川県高松市木太町１６７１−１",34.323652,134.0725613,2025-12-12T12:22:54.284Z
"ChIJzSvbX13qUzUReEv5PvIulzw","本格手打うどん 麺むすび","〒761-8075 香川県高松市多肥下町１５０１−４",34.3065067,134.0576903,2025-12-12T12:22:54.284Z
"ChIJlyB3Ho_sUzURIrw3YWHWBwM","たも屋 本店","〒760-0064 香川県高松市朝日新町１−１６",34.3570222,134.0642419,2025-12-12T12:22:54.284Z
"ChIJ_zQGwojrUzURll1i7nIjwE0","実演手打うどん 杵屋 高松駅オルネ店","〒760-0011 香川県高松市浜ノ町１−２０ 高松オルネ南館 ２F",34.3507379,134.0471097,2025-12-12T12:22:54.284Z
"ChIJrSWi35vrUzURWvbNbeI55qU","手打ちうどん 花のれん","〒760-0054 香川県高松市常磐町１丁目１０−１",34.3384422,134.0520496,2025-12-12T12:22:54.284Z
"ChIJPyO9U9DpUzURQS1VrbVWzxk","ヨコクラうどん","〒761-8026 香川県高松市鬼無町鬼無１３６−１",34.315342,133.989149,2025-12-12T12:22:54.284Z
"ChIJeXQTS_LBUzURYWW8qNh_yY8","手打うどん まつばら","〒761-8085 香川県高松市寺井町１０１５",34.2763667,134.0271448,2025-12-12T12:22:54.284Z
"ChIJEUuPf1zqUzUR9gysWFmIRHc","手打麺や 大島","〒761-8073 香川県高松市太田下町３０１３−１",34.3028713,134.0509402,2025-12-12T12:22:54.284Z
"ChIJBTyakZTBUzUR70IhBypEeF8","エビス ウドンファクトリー","〒761-1703 香川県高松市香川町浅野２５８−１",34.2680391,134.0348749,2025-12-12T12:22:54.284Z
"ChIJjSOzsFLCUzUREqq1OgBartw","桑島製麺所","〒761-8047 香川県高松市岡本町１６９９−２",34.272289,133.99047,2025-12-12T12:22:54.284Z
"ChIJSZpq7YPqUzURb2WDnROORPw","情熱うどん わらく","〒761-0450 香川県高松市三谷町１２６７−２",34.2785042,134.0638665,2025-12-12T12:22:54.284Z
"ChIJ-4qz6O_pUzURiQEtg5t7dhg","手打ちうどん 古奈や","〒761-8058 香川県高松市勅使町３０２−７",34.3088267,134.0098289,2025-12-12T12:22:54.284Z
"ChIJAQBwYwuVUzUR0EnvTLCb5k0","セルフうどん なりや本店","〒761-0612 香川県木田郡三木町氷上１２１６−１",34.2645348,134.1295537,2025-12-12T12:22:54.284Z
"ChIJAUU4IDTrUzURLuZ8K3Q-2aY","うどん屋 まつはま","〒761-0311 香川県高松市元山町３０８−１",34.3127544,134.0914238,2025-12-12T12:22:54.284Z
"ChIJKZsufNjBUzUR9XjneB37i1M","本格手打ちさぬきうどん 竜雲","〒761-8078 香川県高松市仏生山町甲３２０７−２",34.2727682,134.0469544,2025-12-12T12:22:54.284Z
"ChIJVVXFA0qVUzURN6pKtuY59IM","ふる里うどん","〒761-0443 香川県高松市川島東町５２３−４",34.2756696,134.1006531,2025-12-12T12:22:54.284Z
"ChIJW56ImUGTUzUR5KEgvx10kuY","手打ちうどん つばめ","〒761-0104 香川県高松市高松町１８２５−２",34.338378,134.1131839,2025-12-12T12:22:54.284Z
"ChIJAQCMeWrqUzUR5Oc9QA6n_M8","大島うどん","〒761-8074 香川県高松市太田上町１０５８",34.3022533,134.0418484,2025-12-12T12:22:54.284Z
"ChIJAQBAjffqUzUR4xUexgYsjzI","丸亀製麺高松レインボー通り","〒761-8075 香川県高松市多肥下町1568−６",34.2990009,134.0578129,2025-12-12T12:22:54.284Z
"ChIJowiq6ZnrUzURn98X1Qe_x1o","はなまるうどん 田町店","〒760-0053 香川県高松市田町１４−５",34.3385712,134.0492451,2025-12-12T12:22:54.284Z
"ChIJzSJGRpvrUzURSejqVMIuxTw","骨付 丸亀鳥 高松店","〒760-0045 香川県高松市古馬場町１３−１９",34.342112,134.0521763,2025-12-12T12:22:54.284Z
"ChIJq6rm7FmgUzURFcTG3j2B_zk","丸亀製麺徳島八万","〒770-8070 徳島県徳島市八万町大野１４１−６",34.0431883,134.5546673,2025-12-12T12:22:54.284Z
"ChIJdQiSP5ZlUzURyNUZZvAXEM0","さぬき手打うどん 丸亀","〒772-0001 徳島県鳴門市撫養町黒崎松島３７２",34.190639,134.6006268,2025-12-12T12:22:54.284Z
"ChIJsy9FG4XrUzURJrHDkcEGjKs","ガスト 高松丸亀町店","高松市丸亀町１４−６ 高松丸亀町弐番街２号館２Ｆ, 高松丸亀町弐番街 ２号館２Ｆ, １４-6 丸亀町 高松市 香川県 760-0029",34.3450883,134.0505173,2025-12-12T12:22:54.284Z
"ChIJtRvoTm5WUTURy1wWRZpsHc8","丸亀製麺倉敷","〒710-0065 岡山県倉敷市宮前３２６−９",34.612522,133.7671755,2025-12-12T12:22:54.284Z
"ChIJkaDyGJhyUzUR4mLhCzUCk0A","丸亀製麺徳島","〒770-0021 徳島県徳島市佐古一番町７−１７",34.0771524,134.5409949,2025-12-12T12:22:54.284Z
"ChIJFwdk0MRtUzURr2fidcOR_4c","丸亀製麺徳島インター","〒771-0141 徳島県徳島市川内町竹須賀１７６−１",34.1047523,134.5755159,2025-12-12T12:22:54.284Z
"ChIJUZXVfKcIVDURJRSu0N2AoQc","丸亀製麺岡山東川原","〒703-8255 岡山県岡山市中区東川原２３８−２",34.6752972,133.9438074,2025-12-12T12:22:54.284Z
"ChIJfc816NsOVDURf7wserk_U-U","丸亀製麺東岡山","〒703-8221 岡山県岡山市中区長岡４６６−２",34.6798752,133.9873054,2025-12-12T12:22:54.284Z
"ChIJgaHPH3XwUzURcyuoNVJGzhk","丸亀製麺玉野","〒706-0011 岡山県玉野市宇野１丁目２１−２２",34.4900455,133.9462406,2025-12-12T12:22:54.284Z
"ChIJG3aI6sFzUzURsvOEhdTEJys","丸亀製麺藍住","〒771-1252 徳島県板野郡藍住町矢上北分９３−１",34.1357386,134.4965266,2025-12-12T12:22:54.284Z
"ChIJRdV0bhlVUTURaJOgXnOkFuI","丸亀製麺総社","〒719-1126 岡山県総社市総社１０３５−１−２",34.6771888,133.7587295,2025-12-12T12:22:54.284Z
"ChIJaRIyafcGVDUReT0uhoIgq2g","丸亀製麺岡山ｲﾝﾀｰ","〒700-0017 岡山県岡山市北区伊島北町９−２１",34.6797754,133.9022197,2025-12-12T12:22:54.284Z
"ChIJScpPzjjYUzURvwo_jmYmZQA","こがね製麺所 丸亀本店","〒763-0093 香川県丸亀市郡家町１８６５−１",34.258696,133.8152099,2025-12-12T12:22:54.284Z
"ChIJRZMGFnt9UTURIMasvWsdObc","こがね製麺所 丸亀原田店","〒763-0074 香川県丸亀市原田町２２６２−２",34.2625517,133.7890917,2025-12-12T12:22:54.284Z
"ChIJVzBk-rhXUTUR5sopys92IpM","丸亀製麺倉敷笹沖","〒710-0834 岡山県倉敷市笹沖１３２５−１",34.5810935,133.7701777,2025-12-12T12:22:54.284Z
"ChIJER6xgesHVDURIjT_eylT6Os","丸亀製麺十日市","〒700-0856 岡山県岡山市北区十日市西町９−５",34.636673,133.9270849,2025-12-12T12:22:54.284Z
"ChIJoYnLZwDrUzURVgJQwZLjMRU","だし道楽自販機（丸亀町壱番街駐車場 西側）","〒760-0034 香川県高松市内町７−７",34.3466718,134.0507874,2025-12-12T12:22:54.284Z
"ChIJz7NNOA8HVDURtpbk25o5whI","丸亀製麺岡山高柳","〒700-0035 岡山県岡山市北区高柳西町７−２７",34.6610887,133.8983626,2025-12-12T12:22:54.284Z
"ChIJVVWh48rYUzURQqnaGgbs8gg","こがね製麺所 宇多津店","〒769-0201 香川県綾歌郡宇多津町浜一番丁３−１ 2F",34.3141475,133.8121611,2025-12-12T12:22:54.284Z
"ChIJUZAAfFj3VDURg-blDo5WrM8","丸亀製麺相生","〒678-0053 兵庫県相生市那波南本町８−１８６８−２ 7",34.8046919,134.4597532,2025-12-12T12:22:54.284Z
"ChIJU3y6FnzYUzURWH4YF_aX1e8","はなまるうどん 丸亀城西店","〒763-0032 香川県丸亀市城西町２丁目１−７",34.2830412,133.7965098,2025-12-12T12:22:54.284Z
"ChIJTy1ceQBjUTURL6BO_ef3ZvQ","めりけんや 丸亀店","〒763-0062 香川県丸亀市蓬莱町",34.2941587,133.7855353,2025-12-12T12:22:54.284Z
"ChIJDwUVPHxiUTURqrHKzkpTd_Q","くら寿司 丸亀店","〒763-0062 香川県丸亀市蓬莱町５６−１",34.2944185,133.7860446,2025-12-12T12:22:54.284Z
"ChIJHXHTr-HOUTURyrdwZTQl9F8","丸亀製麺新居浜","〒792-0812 愛媛県新居浜市坂井町１丁目５−１７",33.947431,133.289791,2025-12-12T12:22:54.284Z
"ChIJ02DD0RIXUTURTt9OCGzF178","丸亀製麺福山平成大学前","〒720-0001 広島県福山市御幸町上岩成５７９−１",34.5464401,133.3491709,2025-12-12T12:22:54.284Z
"ChIJe4CEMYfYUzURan6PbACDTYQ","彩葉(いろは)","〒763-0034 香川県丸亀市大手町３丁目８−１４",34.2884952,133.7959557,2025-12-12T12:22:54.284Z
"ChIJ91MWjTz9UzURB7UBalHgRs4","丸亀製麺水島インター","〒710-0142 岡山県倉敷市林３６０−１",34.5432974,133.8176715,2025-12-12T12:22:54.284Z
"ChIJByA_tVLZUzUR3J52ntsKiSo","松屋 丸亀中府店","〒763-0033 香川県丸亀市中府町１丁目６−２２",34.279001,133.7965173,2025-12-12T12:22:54.284Z
"ChIJdaiJynvYUzURXH_DwJXvZlk","ガスト 丸亀店","〒763-0033 香川県丸亀市中府町１丁目６−３１",34.2800028,133.7968013,2025-12-12T12:22:54.284Z
"ChIJlV-P6YPYUzURQ9gMKwlTh2Q","骨付鳥一鶴 丸亀本店","〒763-0022 香川県丸亀市浜町３１７",34.2927821,133.7946092,2025-12-12T12:22:54.284Z
"ChIJ7e4nKKfZUzURHRSc2mageO4","塩飽の漁師飯 まや","〒763-0047 香川県丸亀市西本町１丁目７−３４",34.2904386,133.7909107,2025-12-12T12:22:54.284Z
"ChIJ40Ohr0zZUzURggw5Pua2it4","讃岐麺食堂 縁や 丸亀店","〒763-0082 香川県丸亀市土器町東８丁目５１４−２",34.300152,133.806707,2025-12-12T12:22:54.284Z
"ChIJVVUxQZvYUzURSZom-aPaUxk","MIROC BREWERY","〒763-0015 香川県丸亀市北平山町２丁目５−１５",34.2964926,133.7966189,2025-12-12T12:22:54.284Z
"ChIJVYC_OXrYUzURJWmGqYa_Y08","かつさと 丸亀店","〒763-0033 香川県丸亀市中府町１丁目６−９２−１",34.2791971,133.7965585,2025-12-12T12:22:54.284Z
"ChIJc6FWbnnYUzURWVpoXRkGfjI","居酒屋うをかめ","〒763-0034 香川県丸亀市大手町３丁目１３−１６",34.2888547,133.7952083,2025-12-12T12:22:54.284Z
"ChIJRw4kRx_YUzUR9YeB-dBNRjo","一屋 丸亀三条店","〒763-0094 香川県丸亀市三条町５３３−５",34.248867,133.808908,2025-12-12T12:22:54.284Z
"ChIJScCmuYDYUzURjASgPbX1qnE","大乃原","〒763-0034 香川県丸亀市大手町３丁目６−１１",34.2883636,133.7949743,2025-12-12T12:22:54.284Z
"ChIJ7dwvvobYUzURoHfqf6ZJOJM","骨付 丸亀鳥","〒763-0043 香川県丸亀市通町８７−２",34.2900211,133.7968751,2025-12-12T12:22:54.284Z
"ChIJb-MbUwPYUzURm8Bh0s_vUrQ","讃岐うどん おおまえ","〒763-0094 香川県丸亀市三条町１１１２−６",34.2530705,133.8003596,2025-12-12T12:22:54.284Z
"ChIJT_oIv4bYUzURqukLirisfvI","とりあたま 丸亀本店","〒763-0043 香川県丸亀市通町５３−９",34.290117,133.7966466,2025-12-12T12:22:54.284Z
"ChIJwW7dY5MDUTURjnl18a_td8M","丸亀製麺松永","〒729-0106 広島県福山市高西町４丁目４−５",34.4438842,133.2363233,2025-12-12T12:22:54.284Z
"ChIJnSwfT2zYUzURy3okWFhtTPQ","松屋 丸亀柞原店","〒763-0073 香川県丸亀市柞原町４０９−１",34.2687396,133.8031682,2025-12-12T12:22:54.284Z
"ChIJyfArc9LYUzURLQVCitdmGHI","こだわり麺や 宇多津店","〒769-0208 香川県綾歌郡宇多津町浜八番丁１２２−１６",34.3087279,133.8199677,2025-12-12T12:22:54.284Z
"ChIJk9VGxobYUzURwNqMeIECDMM","本家なごやんラーメン","〒763-0043 香川県丸亀市通町５２−１",34.2898503,133.7964144,2025-12-12T12:22:54.284Z
"ChIJ5y8OqZTXVDUR1-z4qM3AjrQ","丸亀製麺東加古川","〒675-0101 兵庫県加古川市平岡町新在家２３５",34.7451015,134.8647616,2025-12-12T12:22:54.284Z
"ChIJ9ZEHHtH4UzUR_yCkhOfaBoc","丸亀製麺岡山大福","〒701-0204 岡山県岡山市南区大福３０９−８",34.621243,133.877443,2025-12-12T12:22:54.284Z
"ChIJKWSBmT3YVDUR3CYuXFoilj4","丸亀製麺加古川","〒675-0031 兵庫県加古川市加古川町北在家１４０−１",34.7569045,134.8384096,2025-12-12T12:22:54.284Z
"ChIJcw4p9c6mUzURWJuGFgVfvfg","丸亀製麺鴨島","〒776-0013 徳島県吉野川市鴨島町上下島３７０−１",34.0681691,134.3495965,2025-12-12T12:22:54.284Z
"ChIJp9ZdukKlVDURRu-FJowoFjY","丸亀製麺南あわじ","〒656-0121 兵庫県南あわじ市山添１６０−１",34.331909,134.840964,2025-12-12T12:22:54.284Z
"ChIJLyqeoXwWUzUROXenCLDaPnU","丸亀製麺阿南","〒774-0011 徳島県阿南市領家町火屋ケ原１４７−１",33.9216646,134.666526,2025-12-12T12:22:54.284Z
"ChIJH1oCKtdZUTURn6chYzdDuGQ","丸亀製麺倉敷連島","〒712-8011 岡山県倉敷市連島町連島４９１−１",34.5569634,133.7453535,2025-12-12T12:22:54.284Z
"ChIJxzKKJc1yVDURBj6p2uXnGzM","丸亀製麺邑久","〒701-4221 岡山県瀬戸内市邑久町尾張１１９",34.6649653,134.0909898,2025-12-12T12:22:54.284Z
"ChIJK90KeQDhUzUR0uOJVELVprM","丸亀うどん大手門","〒711-0921 岡山県倉敷市児島駅前３丁目22−２２",34.4610517,133.808778,2025-12-12T12:22:54.284Z
"ChIJrYzi1XASVDURhpwCbqYsMHE","丸亀製麺東平島","〒709-0631 岡山県岡山市東区東平島１０２０−３",34.7172453,134.0463888,2025-12-12T12:22:54.284Z
"ChIJ9e8s2cHWVDURZ-LLffG3j6Q","丸亀製麺魚住","〒674-0083 兵庫県明石市魚住町住吉１丁目１１−９",34.6918438,134.9034368,2025-12-12T12:22:54.284Z
"ChIJS7oC4-PcUzURw3qeNu4NXmg","山下うどん","〒762-0023 香川県坂出市加茂町１４７−１",34.2998471,133.9197094,2025-12-12T12:22:54.284Z
"ChIJje5cN0rZUzUR3lsvH9z56Bs","めんや七福 別邸","〒762-0025 香川県坂出市川津町３３５５−２",34.2951828,133.8500192,2025-12-12T12:22:54.284Z
"ChIJg2u8eOneUzURbqfhRso-xXc","讃岐うどん やなぎ屋 西大浜店","〒762-0053 香川県坂出市西大浜北２丁目４８−２２",34.322135,133.8430778,2025-12-12T12:22:54.284Z
"ChIJ0QARAuzeUzURBGrtQebK9XQ","さぬきうどん麺処 とらや","〒762-0052 香川県坂出市沖の浜１−４",34.3244199,133.8433676,2025-12-12T12:22:54.284Z
"ChIJ__9rFJreUzURWZceom_sEjI","いきいきうどん 坂出店","〒762-0001 香川県坂出市京町３丁目７−１３６１−１",34.3182672,133.8587208,2025-12-12T12:22:54.284Z
"ChIJi7C1OMbdUzURTlfXEeGg7Ao","セルフうどん さぬきまるふじ","〒762-0012 香川県坂出市林田町３９０７−３",34.3299393,133.8831988,2025-12-12T12:22:54.284Z
"ChIJayAJOQDfUzURTY0OrOIXHi8","讃岐うどん 桃山亭坂出店","〒762-0044 香川県坂出市本町３丁目５−１６",34.317894,133.8508253,2025-12-12T12:22:54.284Z